{
    "index": {
        "0": 0,
        "1": 1,
        "2": 2,
        "3": 3,
        "4": 4,
        "5": 5
    },
    "model_name": {
        "0": "LightGBMModel",
        "1": "LightGBMModel",
        "2": "LightGBMModel",
        "3": "ConstantModel",
        "4": "ConstantModel",
        "5": "ConstantModel"
    },
    "fold_id": {
        "0": 0,
        "1": 1,
        "2": 2,
        "3": 0,
        "4": 1,
        "5": 2
    },
    "model_id": {
        "0": 0,
        "1": 0,
        "2": 0,
        "3": 1,
        "4": 1,
        "5": 1
    },
    "ACCURACY": {
        "0": 0.6347402597,
        "1": 0.6345840131,
        "2": 0.6362153344,
        "3": 0.5568181818,
        "4": 0.5579119086,
        "5": 0.5579119086
    },
    "AUC": {
        "0": 0.8092097635,
        "1": 0.8046818657,
        "2": 0.8064309456,
        "3": 0.6793831169,
        "4": 0.6802610114,
        "5": 0.6802610114
    },
    "AUCPR": {
        "0": 0.6847102204,
        "1": 0.6862412295,
        "2": 0.6714718707,
        "3": 0.4743545145,
        "4": 0.4752609538,
        "5": 0.4752609538
    },
    "F05": {
        "0": 0.6347402597,
        "1": 0.6345840131,
        "2": 0.6362153344,
        "3": 0.5568181818,
        "4": 0.5579119086,
        "5": 0.5579119086
    },
    "F1": {
        "0": 0.6347402597,
        "1": 0.6345840131,
        "2": 0.6362153344,
        "3": 0.5568181818,
        "4": 0.5579119086,
        "5": 0.5579119086
    },
    "F2": {
        "0": 0.7142857143,
        "1": 0.7142857143,
        "2": 0.7142857143,
        "3": 0.7142857143,
        "4": 0.7142857143,
        "5": 0.7142857143
    },
    "GINI": {
        "0": 0.6184195269,
        "1": 0.6093637314,
        "2": 0.6128618912,
        "3": 0.3587662338,
        "4": 0.3605220228,
        "5": 0.3605220228
    },
    "LOGLOSS": {
        "0": 0.8282838261,
        "1": 0.8359058508,
        "2": 0.8354525887,
        "3": 0.9913641472,
        "4": 0.9903211946,
        "5": 0.9903211946
    },
    "MACROAUC": {
        "0": 0.7452725971,
        "1": 0.7418288031,
        "2": 0.7485522154,
        "3": 0.5,
        "4": 0.5,
        "5": 0.5
    },
    "MCC": {
        "0": 0.4521103896,
        "1": 0.4518760196,
        "2": 0.4543230016,
        "3": 0.3352272727,
        "4": 0.336867863,
        "5": 0.336867863
    }
}