{
    "gain": {
        "0.01": 0.0260587699,
        "0.02": 0.0499424447,
        "0.03": 0.0776245913,
        "0.04": 0.0993437639,
        "0.05": 0.1237738607,
        "0.1": 0.2410489185,
        "0.15": 0.3425677775,
        "0.2": 0.4381263109,
        "0.3": 0.5971766135,
        "0.4": 0.7187674343,
        "0.5": 0.8045459842,
        "0.6": 0.8680642359,
        "0.7": 0.9180199219,
        "0.8": 0.9538613236,
        "0.9": 0.9837212135,
        "1.0": 1.0
    },
    "lift": {
        "0.01": 2.6058769941,
        "0.02": 2.4971222361,
        "0.03": 2.5874863762,
        "0.04": 2.4835940976,
        "0.05": 2.4754772145,
        "0.1": 2.4104891846,
        "0.15": 2.2837851835,
        "0.2": 2.1906315544,
        "0.3": 1.9905887116,
        "0.4": 1.7969185858,
        "0.5": 1.6090919684,
        "0.6": 1.4467737265,
        "0.7": 1.3114570313,
        "0.8": 1.1923266544,
        "0.9": 1.0930235706,
        "1.0": 1.0
    },
    "k-s": {
        "0.01": 0.0244299674,
        "0.02": 0.0456026059,
        "0.03": 0.0716612378,
        "0.04": 0.0895765472,
        "0.05": 0.1112920738,
        "0.1": 0.2122692725,
        "0.15": 0.289359392,
        "0.2": 0.3577633008,
        "0.3": 0.4462540717,
        "0.4": 0.4785559175,
        "0.5": 0.457111835,
        "0.6": 0.4025515744,
        "0.7": 0.3273615635,
        "0.8": 0.2309989142,
        "0.9": 0.1256786102,
        "1.0": 0.0
    }
}