{
    "Relative Importance": {
        "3_TEXTCNN_TE:tweet.1": 1.0,
        "2_Txt:tweet.3": 0.7586095929,
        "2_Txt:tweet.4": 0.6350295544,
        "3_TEXTCNN_TE:tweet.2": 0.5046901703,
        "3_TEXTCNN_TE:tweet.0": 0.4801622331,
        "2_Txt:tweet.5": 0.4293305278,
        "2_Txt:tweet.42": 0.3950864375,
        "2_Txt:tweet.0": 0.3913770616,
        "2_Txt:tweet.8": 0.3756940961,
        "2_Txt:tweet.20": 0.3634333313,
        "2_Txt:tweet.39": 0.3629676402,
        "2_Txt:tweet.17": 0.3493722379,
        "2_Txt:tweet.21": 0.3471960425,
        "2_Txt:tweet.6": 0.3432362378,
        "2_Txt:tweet.23": 0.3404552937,
        "2_Txt:tweet.1": 0.3397603631,
        "2_Txt:tweet.19": 0.3383747041,
        "2_Txt:tweet.29": 0.3359768391,
        "2_Txt:tweet.18": 0.3345550001,
        "2_Txt:tweet.31": 0.3233681321,
        "2_Txt:tweet.36": 0.3211100698,
        "2_Txt:tweet.9": 0.3202331662,
        "2_Txt:tweet.10": 0.318263799,
        "2_Txt:tweet.16": 0.3174594641,
        "2_Txt:tweet.33": 0.311511904,
        "2_Txt:tweet.32": 0.3067248464,
        "2_Txt:tweet.7": 0.3035920858,
        "2_Txt:tweet.49": 0.3015127182,
        "2_Txt:tweet.48": 0.3004194498,
        "2_Txt:tweet.11": 0.2973101735,
        "2_Txt:tweet.14": 0.2972590029,
        "2_Txt:tweet.44": 0.2971098423,
        "2_Txt:tweet.46": 0.2968990803,
        "2_Txt:tweet.12": 0.2962653935,
        "2_Txt:tweet.34": 0.2955079973,
        "2_Txt:tweet.28": 0.2920075953,
        "2_Txt:tweet.45": 0.289054662,
        "2_Txt:tweet.2": 0.2868626714,
        "2_Txt:tweet.35": 0.2859739661,
        "2_Txt:tweet.40": 0.2845711112,
        "2_Txt:tweet.41": 0.2843571603,
        "2_Txt:tweet.27": 0.2831718624,
        "1_TEXTCHARCNN_TE:tweet.2": 0.2797158659,
        "1_TEXTCHARCNN_TE:tweet.1": 0.2789391875,
        "2_Txt:tweet.13": 0.276609838,
        "2_Txt:tweet.37": 0.2740227878,
        "2_Txt:tweet.25": 0.2708859444,
        "1_TEXTCHARCNN_TE:tweet.0": 0.2689921856,
        "2_Txt:tweet.15": 0.2681429386,
        "2_Txt:tweet.38": 0.2669449449,
        "2_Txt:tweet.26": 0.2667078376,
        "2_Txt:tweet.22": 0.2628866732,
        "2_Txt:tweet.43": 0.2620161474,
        "2_Txt:tweet.30": 0.257106483,
        "2_Txt:tweet.24": 0.2570418715,
        "2_Txt:tweet.47": 0.2454968244,
        "0_CVTE:tweet.0": 0.0988698453,
        "0_CVTE:tweet.1": 0.0958690345,
        "0_CVTE:tweet.2": 0.0746654496,
        "5_Freq:tweet": 0.0014669779
    },
    "Standard Deviation of Relative Importance": {
        "3_TEXTCNN_TE:tweet.1": 0.2102175355,
        "2_Txt:tweet.3": 0.254627645,
        "2_Txt:tweet.4": 0.2035122663,
        "3_TEXTCNN_TE:tweet.2": 0.1900133789,
        "3_TEXTCNN_TE:tweet.0": 0.0695687607,
        "2_Txt:tweet.5": 0.0764943287,
        "2_Txt:tweet.42": 0.1381528229,
        "2_Txt:tweet.0": 0.0794466063,
        "2_Txt:tweet.8": 0.1553989351,
        "2_Txt:tweet.20": 0.0971073583,
        "2_Txt:tweet.39": 0.0863100067,
        "2_Txt:tweet.17": 0.0903915912,
        "2_Txt:tweet.21": 0.087835975,
        "2_Txt:tweet.6": 0.0681307688,
        "2_Txt:tweet.23": 0.0994933695,
        "2_Txt:tweet.1": 0.0717311502,
        "2_Txt:tweet.19": 0.0739243627,
        "2_Txt:tweet.29": 0.0919954479,
        "2_Txt:tweet.18": 0.086935766,
        "2_Txt:tweet.31": 0.1190251857,
        "2_Txt:tweet.36": 0.0938938186,
        "2_Txt:tweet.9": 0.0526065156,
        "2_Txt:tweet.10": 0.0859423205,
        "2_Txt:tweet.16": 0.0693454444,
        "2_Txt:tweet.33": 0.0973733962,
        "2_Txt:tweet.32": 0.0671239048,
        "2_Txt:tweet.7": 0.0787136629,
        "2_Txt:tweet.49": 0.1043385491,
        "2_Txt:tweet.48": 0.0784891248,
        "2_Txt:tweet.11": 0.0651598573,
        "2_Txt:tweet.14": 0.0461949594,
        "2_Txt:tweet.44": 0.036963705,
        "2_Txt:tweet.46": 0.0463426299,
        "2_Txt:tweet.12": 0.0985789448,
        "2_Txt:tweet.34": 0.0829132944,
        "2_Txt:tweet.28": 0.0252250694,
        "2_Txt:tweet.45": 0.0543519408,
        "2_Txt:tweet.2": 0.0646437779,
        "2_Txt:tweet.35": 0.0670625791,
        "2_Txt:tweet.40": 0.0798084289,
        "2_Txt:tweet.41": 0.0799520686,
        "2_Txt:tweet.27": 0.0810892805,
        "1_TEXTCHARCNN_TE:tweet.2": 0.0999089926,
        "1_TEXTCHARCNN_TE:tweet.1": 0.0835106969,
        "2_Txt:tweet.13": 0.0616329536,
        "2_Txt:tweet.37": 0.0839107409,
        "2_Txt:tweet.25": 0.053478431,
        "1_TEXTCHARCNN_TE:tweet.0": 0.0683042184,
        "2_Txt:tweet.15": 0.0499106795,
        "2_Txt:tweet.38": 0.0512413494,
        "2_Txt:tweet.26": 0.0461807661,
        "2_Txt:tweet.22": 0.0803217217,
        "2_Txt:tweet.43": 0.0885735452,
        "2_Txt:tweet.30": 0.0657979995,
        "2_Txt:tweet.24": 0.0735616162,
        "2_Txt:tweet.47": 0.0694353208,
        "0_CVTE:tweet.0": 0.0226434041,
        "0_CVTE:tweet.1": 0.023758281,
        "0_CVTE:tweet.2": 0.0171333849,
        "5_Freq:tweet": 0.0015316406
    },
    "Description": {
        "3_TEXTCNN_TE:tweet.1": "Predicted probabilities of class #2 based on TEXTCNN model on text column ['tweet'] (embeddings trained from scratch), trained for 2 epochs",
        "2_Txt:tweet.3": "Feature #4 of tf-idf-based word embedding  (followed by dimensionality reduction to 50 dimensions) of 'tweet'",
        "2_Txt:tweet.4": "Feature #5 of tf-idf-based word embedding  (followed by dimensionality reduction to 50 dimensions) of 'tweet'",
        "3_TEXTCNN_TE:tweet.2": "Predicted probabilities of class #3 based on TEXTCNN model on text column ['tweet'] (embeddings trained from scratch), trained for 2 epochs",
        "3_TEXTCNN_TE:tweet.0": "Predicted probabilities of class #1 based on TEXTCNN model on text column ['tweet'] (embeddings trained from scratch), trained for 2 epochs",
        "2_Txt:tweet.5": "Feature #6 of tf-idf-based word embedding  (followed by dimensionality reduction to 50 dimensions) of 'tweet'",
        "2_Txt:tweet.42": "Feature #43 of tf-idf-based word embedding  (followed by dimensionality reduction to 50 dimensions) of 'tweet'",
        "2_Txt:tweet.0": "Feature #1 of tf-idf-based word embedding  (followed by dimensionality reduction to 50 dimensions) of 'tweet'",
        "2_Txt:tweet.8": "Feature #9 of tf-idf-based word embedding  (followed by dimensionality reduction to 50 dimensions) of 'tweet'",
        "2_Txt:tweet.20": "Feature #21 of tf-idf-based word embedding  (followed by dimensionality reduction to 50 dimensions) of 'tweet'",
        "2_Txt:tweet.39": "Feature #40 of tf-idf-based word embedding  (followed by dimensionality reduction to 50 dimensions) of 'tweet'",
        "2_Txt:tweet.17": "Feature #18 of tf-idf-based word embedding  (followed by dimensionality reduction to 50 dimensions) of 'tweet'",
        "2_Txt:tweet.21": "Feature #22 of tf-idf-based word embedding  (followed by dimensionality reduction to 50 dimensions) of 'tweet'",
        "2_Txt:tweet.6": "Feature #7 of tf-idf-based word embedding  (followed by dimensionality reduction to 50 dimensions) of 'tweet'",
        "2_Txt:tweet.23": "Feature #24 of tf-idf-based word embedding  (followed by dimensionality reduction to 50 dimensions) of 'tweet'",
        "2_Txt:tweet.1": "Feature #2 of tf-idf-based word embedding  (followed by dimensionality reduction to 50 dimensions) of 'tweet'",
        "2_Txt:tweet.19": "Feature #20 of tf-idf-based word embedding  (followed by dimensionality reduction to 50 dimensions) of 'tweet'",
        "2_Txt:tweet.29": "Feature #30 of tf-idf-based word embedding  (followed by dimensionality reduction to 50 dimensions) of 'tweet'",
        "2_Txt:tweet.18": "Feature #19 of tf-idf-based word embedding  (followed by dimensionality reduction to 50 dimensions) of 'tweet'",
        "2_Txt:tweet.31": "Feature #32 of tf-idf-based word embedding  (followed by dimensionality reduction to 50 dimensions) of 'tweet'",
        "2_Txt:tweet.36": "Feature #37 of tf-idf-based word embedding  (followed by dimensionality reduction to 50 dimensions) of 'tweet'",