{
    "Coefficient": {
        "10_TEXTBIGRU_TE:tweet.0": 1.4476926327,
        "10_TEXTBIGRU_TE:tweet.1": 2.8255984783,
        "10_TEXTBIGRU_TE:tweet.2": 1.8165407181,
        "11_CVTE:tweet.0": 0.4449777901,
        "11_CVTE:tweet.1": 0.4123758376,
        "11_CVTE:tweet.2": 0.3460191488,
        "2_TEXTCNN_TE:tweet.0": 1.9643104076,
        "2_TEXTCNN_TE:tweet.1": 5.4120235443,
        "2_TEXTCNN_TE:tweet.2": 3.4395468235,
        "3_Txt:tweet.0": 2.2527332306,
        "3_Txt:tweet.1": 2.2505111694,
        "3_Txt:tweet.10": 2.1207222939,
        "3_Txt:tweet.11": 1.8617320061,
        "3_Txt:tweet.12": 1.8540283442,
        "3_Txt:tweet.13": 2.0911240578,
        "3_Txt:tweet.14": 2.0032804012,
        "3_Txt:tweet.15": 2.1205508709,
        "3_Txt:tweet.16": 2.6330528259,
        "3_Txt:tweet.17": 1.8324842453,
        "3_Txt:tweet.18": 2.0623905659,
        "3_Txt:tweet.19": 1.9741971493,
        "3_Txt:tweet.2": 1.9775329828,
        "3_Txt:tweet.20": 1.7953506708,
        "3_Txt:tweet.21": 1.7770504951,
        "3_Txt:tweet.22": 2.1683373451,
        "3_Txt:tweet.23": 2.2682535648,
        "3_Txt:tweet.24": 1.7711753845,
        "3_Txt:tweet.25": 1.8889762163,
        "3_Txt:tweet.26": 1.6600606441,
        "3_Txt:tweet.27": 1.9489033222,
        "3_Txt:tweet.28": 1.9753949642,
        "3_Txt:tweet.29": 2.2116456032,
        "3_Txt:tweet.3": 3.3451025486,
        "3_Txt:tweet.30": 1.8580060005,
        "3_Txt:tweet.31": 2.0914773941,
        "3_Txt:tweet.32": 1.9311596155,
        "3_Txt:tweet.33": 1.9984211922,
        "3_Txt:tweet.34": 1.6647006273,
        "3_Txt:tweet.35": 1.9870562553,
        "3_Txt:tweet.36": 1.887078166,
        "3_Txt:tweet.37": 1.8932592869,
        "3_Txt:tweet.38": 2.1289184093,
        "3_Txt:tweet.39": 1.7175402641,
        "3_Txt:tweet.4": 4.1521196365,
        "3_Txt:tweet.40": 1.6595859528,
        "3_Txt:tweet.41": 1.9979684353,
        "3_Txt:tweet.42": 1.6792114973,
        "3_Txt:tweet.43": 2.0357756615,
        "3_Txt:tweet.44": 1.9335268736,
        "3_Txt:tweet.45": 1.6417896748,
        "3_Txt:tweet.46": 1.7425813675,
        "3_Txt:tweet.47": 2.1672625542,
        "3_Txt:tweet.48": 1.7968703508,
        "3_Txt:tweet.49": 2.0378754139,
        "3_Txt:tweet.5": 2.6856143475,
        "3_Txt:tweet.6": 2.1526811123,
        "3_Txt:tweet.7": 2.9540531635,
        "3_Txt:tweet.8": 2.492521286,
        "3_Txt:tweet.9": 1.9165458679,
        "5_TEXTCHARCNN_TE:tweet.0": 2.0833656788,
        "5_TEXTCHARCNN_TE:tweet.1": 1.9710242748,
        "5_TEXTCHARCNN_TE:tweet.2": 1.8269104958,
        "8_Freq:tweet": 0.0010472971
    },
    "Standard Deviation of Coefficient": {
        "10_TEXTBIGRU_TE:tweet.0": 0.048035793,
        "10_TEXTBIGRU_TE:tweet.1": 0.1742138714,
        "10_TEXTBIGRU_TE:tweet.2": 0.0894473121,
        "11_CVTE:tweet.0": 0.0267267916,
        "11_CVTE:tweet.1": 0.0197346285,
        "11_CVTE:tweet.2": 0.0290213469,
        "2_TEXTCNN_TE:tweet.0": 0.0531147607,
        "2_TEXTCNN_TE:tweet.1": 0.1106766015,
        "2_TEXTCNN_TE:tweet.2": 0.1909164786,
        "3_Txt:tweet.0": 0.1098854244,
        "3_Txt:tweet.1": 0.0959353819,
        "3_Txt:tweet.10": 0.0581097268,
        "3_Txt:tweet.11": 0.036781121,
        "3_Txt:tweet.12": 0.0504143722,
        "3_Txt:tweet.13": 0.0574525818,
        "3_Txt:tweet.14": 0.1109448448,
        "3_Txt:tweet.15": 0.0783247948,
        "3_Txt:tweet.16": 0.1344358921,
        "3_Txt:tweet.17": 0.075867936,
        "3_Txt:tweet.18": 0.071705766,
        "3_Txt:tweet.19": 0.0631061941,
        "3_Txt:tweet.2": 0.0377738252,
        "3_Txt:tweet.20": 0.0635665506,
        "3_Txt:tweet.21": 0.0445017144,
        "3_Txt:tweet.22": 0.0851197094,
        "3_Txt:tweet.23": 0.0635501817,
        "3_Txt:tweet.24": 0.0565925874,
        "3_Txt:tweet.25": 0.055022303,
        "3_Txt:tweet.26": 0.0424856246,
        "3_Txt:tweet.27": 0.0452430882,
        "3_Txt:tweet.28": 0.0857317224,
        "3_Txt:tweet.29": 0.0892504305,
        "3_Txt:tweet.3": 0.1774552613,
        "3_Txt:tweet.30": 0.0669654086,
        "3_Txt:tweet.31": 0.0679266602,
        "3_Txt:tweet.32": 0.0744068027,
        "3_Txt:tweet.33": 0.0841263682,
        "3_Txt:tweet.34": 0.0602948889,
        "3_Txt:tweet.35": 0.0692355335,
        "3_Txt:tweet.36": 0.0666322857,
        "3_Txt:tweet.37": 0.0870348737,
        "3_Txt:tweet.38": 0.1039389446,
        "3_Txt:tweet.39": 0.0691597164,
        "3_Txt:tweet.4": 0.2697320282,
        "3_Txt:tweet.40": 0.0714163855,
        "3_Txt:tweet.41": 0.0884540305,
        "3_Txt:tweet.42": 0.0579197146,
        "3_Txt:tweet.43": 0.0618323721,
        "3_Txt:tweet.44": 0.0552778207,
        "3_Txt:tweet.45": 0.0366929099,
        "3_Txt:tweet.46": 0.0990786329,
        "3_Txt:tweet.47": 0.0847590566,
        "3_Txt:tweet.48": 0.0782125667,
        "3_Txt:tweet.49": 0.0876419619,
        "3_Txt:tweet.5": 0.0908262432,
        "3_Txt:tweet.6": 0.0761261657,
        "3_Txt:tweet.7": 0.2497508377,
        "3_Txt:tweet.8": 0.1254348457,
        "3_Txt:tweet.9": 0.1124150828,
        "5_TEXTCHARCNN_TE:tweet.0": 0.0874252319,
        "5_TEXTCHARCNN_TE:tweet.1": 0.0804021731,
        "5_TEXTCHARCNN_TE:tweet.2": 0.0666593388,
        "8_Freq:tweet": 0.0004275573
    },
    "Description": {
        "10_TEXTBIGRU_TE:tweet.0": "Predicted probabilities of class #1 based on TEXTBIGRU model on text column ['tweet'] (embeddings trained from scratch), trained for 2 epochs",
        "10_TEXTBIGRU_TE:tweet.1": "Predicted probabilities of class #2 based on TEXTBIGRU model on text column ['tweet'] (embeddings trained from scratch), trained for 2 epochs",
        "10_TEXTBIGRU_TE:tweet.2": "Predicted probabilities of class #3 based on TEXTBIGRU model on text column ['tweet'] (embeddings trained from scratch), trained for 2 epochs",
        "11_CVTE:tweet.0": "Out-of-fold mean of the response (class 0) grouped by: ['tweet'] using 5 folds",
        "11_CVTE:tweet.1": "Out-of-fold mean of the response (class 1) grouped by: ['tweet'] using 5 folds",
        "11_CVTE:tweet.2": "Out-of-fold mean of the response (class 2) grouped by: ['tweet'] using 5 folds",
        "2_TEXTCNN_TE:tweet.0": "Predicted probabilities of class #1 based on TEXTCNN model on text column ['tweet'] (embeddings trained from scratch), trained for 2 epochs",
        "2_TEXTCNN_TE:tweet.1": "Predicted probabilities of class #2 based on TEXTCNN model on text column ['tweet'] (embeddings trained from scratch), trained for 2 epochs",
        "2_TEXTCNN_TE:tweet.2": "Predicted probabilities of class #3 based on TEXTCNN model on text column ['tweet'] (embeddings trained from scratch), trained for 2 epochs",
        "3_Txt:tweet.0": "Feature #1 of tf-idf-based word embedding  (followed by dimensionality reduction to 50 dimensions) of 'tweet'",
        "3_Txt:tweet.1": "Feature #2 of tf-idf-based word embedding  (followed by dimensionality reduction to 50 dimensions) of 'tweet'",
        "3_Txt:tweet.10": "Feature #11 of tf-idf-based word embedding  (followed by dimensionality reduction to 50 dimensions) of 'tweet'",
        "3_Txt:tweet.11": "Feature #12 of tf-idf-based word embedding  (followed by dimensionality reduction to 50 dimensions) of 'tweet'",
        "3_Txt:tweet.12": "Feature #13 of tf-idf-based word embedding  (followed by dimensionality reduction to 50 dimensions) of 'tweet'",
        "3_Txt:tweet.13": "Feature #14 of tf-idf-based word embedding  (followed by dimensionality reduction to 50 dimensions) of 'tweet'",
        "3_Txt:tweet.14": "Feature #15 of tf-idf-based word embedding  (followed by dimensionality reduction to 50 dimensions) of 'tweet'",
        "3_Txt:tweet.15": "Feature #16 of tf-idf-based word embedding  (followed by dimensionality reduction to 50 dimensions) of 'tweet'",
        "3_Txt:tweet.16": "Feature #17 of tf-idf-based word embedding  (followed by dimensionality reduction to 50 dimensions) of 'tweet'",