{
    "Relative Importance": {
        "2_TEXTCNN_TE:tweet.1": 1.0,
        "10_TEXTBIGRU_TE:tweet.1": 0.9098814726,
        "3_Txt:tweet.4": 0.719638586,
        "3_Txt:tweet.3": 0.4516532123,
        "2_TEXTCNN_TE:tweet.2": 0.4391217828,
        "3_Txt:tweet.5": 0.435310632,
        "3_Txt:tweet.22": 0.3996804059,
        "3_Txt:tweet.0": 0.3990556002,
        "3_Txt:tweet.7": 0.3901809156,
        "3_Txt:tweet.37": 0.3879057169,
        "3_Txt:tweet.15": 0.3860080242,
        "3_Txt:tweet.8": 0.3850713968,
        "2_TEXTCNN_TE:tweet.0": 0.3838524222,
        "3_Txt:tweet.9": 0.38340801,
        "3_Txt:tweet.11": 0.3834054172,
        "3_Txt:tweet.12": 0.3822009861,
        "3_Txt:tweet.28": 0.3795684874,
        "3_Txt:tweet.29": 0.3791506886,
        "3_Txt:tweet.16": 0.3714391887,
        "3_Txt:tweet.35": 0.3701398075,
        "3_Txt:tweet.2": 0.3651929498,
        "3_Txt:tweet.23": 0.3578556478,
        "3_Txt:tweet.21": 0.3525870442,
        "3_Txt:tweet.46": 0.3524124324,
        "5_TEXTCHARCNN_TE:tweet.0": 0.3518481553,
        "3_Txt:tweet.33": 0.3518013954,
        "3_Txt:tweet.38": 0.3503888845,
        "3_Txt:tweet.17": 0.3428886235,
        "3_Txt:tweet.32": 0.341455847,
        "3_Txt:tweet.39": 0.3414415419,
        "3_Txt:tweet.36": 0.3393469751,
        "3_Txt:tweet.49": 0.338005513,
        "3_Txt:tweet.1": 0.3356368244,
        "10_TEXTBIGRU_TE:tweet.2": 0.33374089,
        "3_Txt:tweet.14": 0.32992661,
        "3_Txt:tweet.25": 0.3263459206,
        "3_Txt:tweet.6": 0.3208656013,
        "3_Txt:tweet.20": 0.3195711076,
        "3_Txt:tweet.48": 0.3177370727,
        "3_Txt:tweet.43": 0.3174577355,
        "3_Txt:tweet.13": 0.3153559864,
        "3_Txt:tweet.30": 0.313390702,
        "3_Txt:tweet.26": 0.311168611,
        "3_Txt:tweet.45": 0.3107453585,
        "3_Txt:tweet.19": 0.3094903827,
        "3_Txt:tweet.27": 0.3091019094,
        "3_Txt:tweet.31": 0.3050141633,
        "3_Txt:tweet.18": 0.3030937016,
        "3_Txt:tweet.44": 0.3005164862,
        "3_Txt:tweet.40": 0.2964574695,
        "3_Txt:tweet.24": 0.2931370437,
        "3_Txt:tweet.34": 0.2888574898,
        "3_Txt:tweet.47": 0.2858944535,
        "3_Txt:tweet.41": 0.2846943438,
        "10_TEXTBIGRU_TE:tweet.0": 0.2814040184,
        "3_Txt:tweet.10": 0.2764196098,
        "3_Txt:tweet.42": 0.2727025449,
        "5_TEXTCHARCNN_TE:tweet.1": 0.2708963454,
        "5_TEXTCHARCNN_TE:tweet.2": 0.2363435924,
        "11_CVTE:tweet.0": 0.0880137756,
        "11_CVTE:tweet.1": 0.0617706254,
        "11_CVTE:tweet.2": 0.0504511148
    },
    "Standard Deviation of Relative Importance": {
        "2_TEXTCNN_TE:tweet.1": 0.0910544321,
        "10_TEXTBIGRU_TE:tweet.1": 0.1515208334,
        "3_Txt:tweet.4": 0.0869904682,
        "3_Txt:tweet.3": 0.0956839249,
        "2_TEXTCNN_TE:tweet.2": 0.0697971955,
        "3_Txt:tweet.5": 0.1108405888,
        "3_Txt:tweet.22": 0.0230723228,
        "3_Txt:tweet.0": 0.0148911849,
        "3_Txt:tweet.7": 0.0576949976,
        "3_Txt:tweet.37": 0.0566821285,
        "3_Txt:tweet.15": 0.08625599,
        "3_Txt:tweet.8": 0.1397621632,
        "2_TEXTCNN_TE:tweet.0": 0.0512976758,
        "3_Txt:tweet.9": 0.1538050622,
        "3_Txt:tweet.11": 0.1000604853,
        "3_Txt:tweet.12": 0.0441780612,
        "3_Txt:tweet.28": 0.0884852037,
        "3_Txt:tweet.29": 0.1202879548,
        "3_Txt:tweet.16": 0.1573904008,
        "3_Txt:tweet.35": 0.0368316658,
        "3_Txt:tweet.2": 0.0352290794,
        "3_Txt:tweet.23": 0.0709281489,
        "3_Txt:tweet.21": 0.1169822514,
        "3_Txt:tweet.46": 0.0983044878,
        "5_TEXTCHARCNN_TE:tweet.0": 0.1239026487,
        "3_Txt:tweet.33": 0.0551414751,
        "3_Txt:tweet.38": 0.1275403649,
        "3_Txt:tweet.17": 0.0964715555,
        "3_Txt:tweet.32": 0.0662814453,
        "3_Txt:tweet.39": 0.0206728503,
        "3_Txt:tweet.36": 0.0988752469,
        "3_Txt:tweet.49": 0.116281949,
        "3_Txt:tweet.1": 0.0575384386,
        "10_TEXTBIGRU_TE:tweet.2": 0.095025152,
        "3_Txt:tweet.14": 0.0597771034,
        "3_Txt:tweet.25": 0.0496173352,
        "3_Txt:tweet.6": 0.0569432899,
        "3_Txt:tweet.20": 0.0704333633,
        "3_Txt:tweet.48": 0.0512231104,
        "3_Txt:tweet.43": 0.0758008659,
        "3_Txt:tweet.13": 0.0847468153,
        "3_Txt:tweet.30": 0.0342408009,
        "3_Txt:tweet.26": 0.0774008781,
        "3_Txt:tweet.45": 0.051639691,
        "3_Txt:tweet.19": 0.115373984,
        "3_Txt:tweet.27": 0.0384090543,
        "3_Txt:tweet.31": 0.0615925267,
        "3_Txt:tweet.18": 0.0259024929,
        "3_Txt:tweet.44": 0.0580762736,
        "3_Txt:tweet.40": 0.0561197214,
        "3_Txt:tweet.24": 0.057859499,
        "3_Txt:tweet.34": 0.0937867165,
        "3_Txt:tweet.47": 0.0694812164,
        "3_Txt:tweet.41": 0.0507170856,
        "10_TEXTBIGRU_TE:tweet.0": 0.0365298577,
        "3_Txt:tweet.10": 0.015058863,
        "3_Txt:tweet.42": 0.0680238158,
        "5_TEXTCHARCNN_TE:tweet.1": 0.1050901562,
        "5_TEXTCHARCNN_TE:tweet.2": 0.1043050811,
        "11_CVTE:tweet.0": 0.0422712676,
        "11_CVTE:tweet.1": 0.0208020154,
        "11_CVTE:tweet.2": 0.0201906879
    },
    "Description": {
        "2_TEXTCNN_TE:tweet.1": "Predicted probabilities of class #2 based on TEXTCNN model on text column ['tweet'] (embeddings trained from scratch), trained for 2 epochs",
        "10_TEXTBIGRU_TE:tweet.1": "Predicted probabilities of class #2 based on TEXTBIGRU model on text column ['tweet'] (embeddings trained from scratch), trained for 2 epochs",
        "3_Txt:tweet.4": "Feature #5 of tf-idf-based word embedding  (followed by dimensionality reduction to 50 dimensions) of 'tweet' [internal:(True, 3, 50)]",
        "3_Txt:tweet.3": "Feature #4 of tf-idf-based word embedding  (followed by dimensionality reduction to 50 dimensions) of 'tweet' [internal:(True, 3, 50)]",
        "2_TEXTCNN_TE:tweet.2": "Predicted probabilities of class #3 based on TEXTCNN model on text column ['tweet'] (embeddings trained from scratch), trained for 2 epochs",
        "3_Txt:tweet.5": "Feature #6 of tf-idf-based word embedding  (followed by dimensionality reduction to 50 dimensions) of 'tweet' [internal:(True, 3, 50)]",
        "3_Txt:tweet.22": "Feature #23 of tf-idf-based word embedding  (followed by dimensionality reduction to 50 dimensions) of 'tweet' [internal:(True, 3, 50)]",
        "3_Txt:tweet.0": "Feature #1 of tf-idf-based word embedding  (followed by dimensionality reduction to 50 dimensions) of 'tweet' [internal:(True, 3, 50)]",
        "3_Txt:tweet.7": "Feature #8 of tf-idf-based word embedding  (followed by dimensionality reduction to 50 dimensions) of 'tweet' [internal:(True, 3, 50)]",
        "3_Txt:tweet.37": "Feature #38 of tf-idf-based word embedding  (followed by dimensionality reduction to 50 dimensions) of 'tweet' [internal:(True, 3, 50)]",
        "3_Txt:tweet.15": "Feature #16 of tf-idf-based word embedding  (followed by dimensionality reduction to 50 dimensions) of 'tweet' [internal:(True, 3, 50)]",
        "3_Txt:tweet.8": "Feature #9 of tf-idf-based word embedding  (followed by dimensionality reduction to 50 dimensions) of 'tweet' [internal:(True, 3, 50)]",
        "2_TEXTCNN_TE:tweet.0": "Predicted probabilities of class #1 based on TEXTCNN model on text column ['tweet'] (embeddings trained from scratch), trained for 2 epochs",
        "3_Txt:tweet.9": "Feature #10 of tf-idf-based word embedding  (followed by dimensionality reduction to 50 dimensions) of 'tweet' [internal:(True, 3, 50)]",
        "3_Txt:tweet.11": "Feature #12 of tf-idf-based word embedding  (followed by dimensionality reduction to 50 dimensions) of 'tweet' [internal:(True, 3, 50)]",
        "3_Txt:tweet.12": "Feature #13 of tf-idf-based word embedding  (followed by dimensionality reduction to 50 dimensions) of 'tweet' [internal:(True, 3, 50)]",