{
    "Relative Importance": {
        "2_TEXTCNN_TE:tweet.1": 1.0,
        "10_TEXTBIGRU_TE:tweet.1": 0.9098814726,
        "3_Txt:tweet.4": 0.719638586,
        "3_Txt:tweet.3": 0.4516532123,
        "2_TEXTCNN_TE:tweet.2": 0.4391217828,
        "3_Txt:tweet.5": 0.435310632,
        "3_Txt:tweet.22": 0.3996804059,
        "3_Txt:tweet.0": 0.3990556002,
        "3_Txt:tweet.7": 0.3901809156,
        "3_Txt:tweet.37": 0.3879057169,
        "3_Txt:tweet.15": 0.3860080242,
        "3_Txt:tweet.8": 0.3850713968,
        "2_TEXTCNN_TE:tweet.0": 0.3838524222,
        "3_Txt:tweet.9": 0.38340801,
        "3_Txt:tweet.11": 0.3834054172,
        "3_Txt:tweet.12": 0.3822009861,
        "3_Txt:tweet.28": 0.3795684874,
        "3_Txt:tweet.29": 0.3791506886,
        "3_Txt:tweet.16": 0.3714391887,
        "3_Txt:tweet.35": 0.3701398075,
        "3_Txt:tweet.2": 0.3651929498,
        "3_Txt:tweet.23": 0.3578556478,
        "3_Txt:tweet.21": 0.3525870442,
        "3_Txt:tweet.46": 0.3524124324,
        "5_TEXTCHARCNN_TE:tweet.0": 0.3518481553,
        "3_Txt:tweet.33": 0.3518013954,
        "3_Txt:tweet.38": 0.3503888845,
        "3_Txt:tweet.17": 0.3428886235,
        "3_Txt:tweet.32": 0.341455847,
        "3_Txt:tweet.39": 0.3414415419,
        "3_Txt:tweet.36": 0.3393469751,
        "3_Txt:tweet.49": 0.338005513,
        "3_Txt:tweet.1": 0.3356368244,
        "10_TEXTBIGRU_TE:tweet.2": 0.33374089,
        "3_Txt:tweet.14": 0.32992661,
        "3_Txt:tweet.25": 0.3263459206,
        "3_Txt:tweet.6": 0.3208656013,
        "3_Txt:tweet.20": 0.3195711076,
        "3_Txt:tweet.48": 0.3177370727,
        "3_Txt:tweet.43": 0.3174577355,
        "3_Txt:tweet.13": 0.3153559864,
        "3_Txt:tweet.30": 0.313390702,
        "3_Txt:tweet.26": 0.311168611,
        "3_Txt:tweet.45": 0.3107453585,
        "3_Txt:tweet.19": 0.3094903827,
        "3_Txt:tweet.27": 0.3091019094,
        "3_Txt:tweet.31": 0.3050141633,
        "3_Txt:tweet.18": 0.3030937016,
        "3_Txt:tweet.44": 0.3005164862,
        "3_Txt:tweet.40": 0.2964574695,
        "3_Txt:tweet.24": 0.2931370437,
        "3_Txt:tweet.34": 0.2888574898,
        "3_Txt:tweet.47": 0.2858944535,
        "3_Txt:tweet.41": 0.2846943438,
        "10_TEXTBIGRU_TE:tweet.0": 0.2814040184,
        "3_Txt:tweet.10": 0.2764196098,
        "3_Txt:tweet.42": 0.2727025449,
        "5_TEXTCHARCNN_TE:tweet.1": 0.2708963454,
        "5_TEXTCHARCNN_TE:tweet.2": 0.2363435924,
        "11_CVTE:tweet.0": 0.0880137756,
        "11_CVTE:tweet.1": 0.0617706254,
        "11_CVTE:tweet.2": 0.0504511148
    },
    "Shift of Relative Importance": {
        "2_TEXTCNN_TE:tweet.1": 0.0,
        "10_TEXTBIGRU_TE:tweet.1": 0.3877849579,
        "3_Txt:tweet.4": -0.0475642085,
        "3_Txt:tweet.3": -0.1664340198,
        "2_TEXTCNN_TE:tweet.2": -0.1964162588,
        "3_Txt:tweet.5": -0.0609204471,
        "3_Txt:tweet.22": -0.0009714663,
        "3_Txt:tweet.0": -0.0171904266,
        "3_Txt:tweet.7": -0.1556506455,
        "3_Txt:tweet.37": 0.0380810499,
        "3_Txt:tweet.15": -0.0058141649,
        "3_Txt:tweet.8": -0.0754811466,
        "2_TEXTCNN_TE:tweet.0": 0.0208993852,
        "3_Txt:tweet.9": 0.0292806029,
        "3_Txt:tweet.11": 0.0394061804,
        "3_Txt:tweet.12": 0.0396251678,
        "3_Txt:tweet.28": 0.0145673156,
        "3_Txt:tweet.29": -0.0295034051,
        "3_Txt:tweet.16": -0.1150799096,
        "3_Txt:tweet.35": 0.0029839277,
        "3_Txt:tweet.2": -0.0002032816,
        "3_Txt:tweet.23": -0.0612581074,
        "3_Txt:tweet.21": 0.0242347121,
        "3_Txt:tweet.46": 0.030429095,
        "5_TEXTCHARCNN_TE:tweet.0": -0.033103168,
        "3_Txt:tweet.33": -0.0174544156,
        "3_Txt:tweet.38": -0.0429793894,
        "3_Txt:tweet.17": 0.0042935908,
        "3_Txt:tweet.32": -0.0153717995,
        "3_Txt:tweet.39": 0.0240851641,
        "3_Txt:tweet.36": -0.0093355775,
        "3_Txt:tweet.49": -0.0385404229,
        "3_Txt:tweet.1": -0.0801986158,
        "10_TEXTBIGRU_TE:tweet.2": -0.0019081831,
        "3_Txt:tweet.14": -0.0402270555,
        "3_Txt:tweet.25": -0.0226873457,
        "3_Txt:tweet.6": -0.076893419,
        "3_Txt:tweet.20": -0.012162596,
        "3_Txt:tweet.48": -0.0142774284,
        "3_Txt:tweet.43": -0.0587002039,
        "3_Txt:tweet.13": -0.0710288882,
        "3_Txt:tweet.30": -0.0299200714,
        "3_Txt:tweet.26": 0.0044329464,
        "3_Txt:tweet.45": 0.0073857009,
        "3_Txt:tweet.19": -0.0552894771,
        "3_Txt:tweet.27": -0.0510043204,
        "3_Txt:tweet.31": -0.0814360082,
        "3_Txt:tweet.18": -0.0779819787,
        "3_Txt:tweet.44": -0.056748569,
        "3_Txt:tweet.40": -0.0101904869,
        "3_Txt:tweet.24": -0.034129709,
        "3_Txt:tweet.34": -0.018735528,
        "3_Txt:tweet.47": -0.114558816,
        "3_Txt:tweet.41": -0.0844778121,
        "10_TEXTBIGRU_TE:tweet.0": 0.0139083862,
        "3_Txt:tweet.10": -0.1154342592,
        "3_Txt:tweet.42": -0.0375716984,
        "5_TEXTCHARCNN_TE:tweet.1": -0.0932972431,
        "5_TEXTCHARCNN_TE:tweet.2": -0.1012215614,
        "11_CVTE:tweet.0": 0.0057935491,
        "11_CVTE:tweet.1": -0.014425613,
        "11_CVTE:tweet.2": -0.0134841502
    },
    "Description": {
        "2_TEXTCNN_TE:tweet.1": "Predicted probabilities of class #2 based on TEXTCNN model on text column ['tweet'] (embeddings trained from scratch), trained for 2 epochs",
        "10_TEXTBIGRU_TE:tweet.1": "Predicted probabilities of class #2 based on TEXTBIGRU model on text column ['tweet'] (embeddings trained from scratch), trained for 2 epochs",
        "3_Txt:tweet.4": "Feature #5 of tf-idf-based word embedding  (followed by dimensionality reduction to 50 dimensions) of 'tweet' [internal:(True, 3, 50)]",
        "3_Txt:tweet.3": "Feature #4 of tf-idf-based word embedding  (followed by dimensionality reduction to 50 dimensions) of 'tweet' [internal:(True, 3, 50)]",
        "2_TEXTCNN_TE:tweet.2": "Predicted probabilities of class #3 based on TEXTCNN model on text column ['tweet'] (embeddings trained from scratch), trained for 2 epochs",
        "3_Txt:tweet.5": "Feature #6 of tf-idf-based word embedding  (followed by dimensionality reduction to 50 dimensions) of 'tweet' [internal:(True, 3, 50)]",
        "3_Txt:tweet.22": "Feature #23 of tf-idf-based word embedding  (followed by dimensionality reduction to 50 dimensions) of 'tweet' [internal:(True, 3, 50)]",
        "3_Txt:tweet.0": "Feature #1 of tf-idf-based word embedding  (followed by dimensionality reduction to 50 dimensions) of 'tweet' [internal:(True, 3, 50)]",
        "3_Txt:tweet.7": "Feature #8 of tf-idf-based word embedding  (followed by dimensionality reduction to 50 dimensions) of 'tweet' [internal:(True, 3, 50)]",
        "3_Txt:tweet.37": "Feature #38 of tf-idf-based word embedding  (followed by dimensionality reduction to 50 dimensions) of 'tweet' [internal:(True, 3, 50)]",
        "3_Txt:tweet.15": "Feature #16 of tf-idf-based word embedding  (followed by dimensionality reduction to 50 dimensions) of 'tweet' [internal:(True, 3, 50)]",
        "3_Txt:tweet.8": "Feature #9 of tf-idf-based word embedding  (followed by dimensionality reduction to 50 dimensions) of 'tweet' [internal:(True, 3, 50)]",
        "2_TEXTCNN_TE:tweet.0": "Predicted probabilities of class #1 based on TEXTCNN model on text column ['tweet'] (embeddings trained from scratch), trained for 2 epochs",
        "3_Txt:tweet.9": "Feature #10 of tf-idf-based word embedding  (followed by dimensionality reduction to 50 dimensions) of 'tweet' [internal:(True, 3, 50)]",
        "3_Txt:tweet.11": "Feature #12 of tf-idf-based word embedding  (followed by dimensionality reduction to 50 dimensions) of 'tweet' [internal:(True, 3, 50)]",
        "3_Txt:tweet.12": "Feature #13 of tf-idf-based word embedding  (followed by dimensionality reduction to 50 dimensions) of 'tweet' [internal:(True, 3, 50)]",