{
    "index": {
        "0": 0,
        "1": 1,
        "2": 2,
        "3": 3,
        "4": 4,
        "5": 5
    },
    "model_name": {
        "0": "LightGBMModel",
        "1": "LightGBMModel",
        "2": "LightGBMModel",
        "3": "ConstantModel",
        "4": "ConstantModel",
        "5": "ConstantModel"
    },
    "fold_id": {
        "0": 0,
        "1": 1,
        "2": 2,
        "3": 0,
        "4": 1,
        "5": 2
    },
    "model_id": {
        "0": 0,
        "1": 0,
        "2": 0,
        "3": 1,
        "4": 1,
        "5": 1
    },
    "ACCURACY": {
        "0": 0.7138211382,
        "1": 0.7247557003,
        "2": 0.704730832,
        "3": 0.6764227642,
        "4": 0.6758957655,
        "5": 0.6769983687
    },
    "AUC": {
        "0": 0.8495710225,
        "1": 0.8511628771,
        "2": 0.8202033696,
        "3": 0.7682926829,
        "4": 0.7679153094,
        "5": 0.7683523654
    },
    "AUCPR": {
        "0": 0.7403810133,
        "1": 0.7397071623,
        "2": 0.6749500375,
        "3": 0.5831832904,
        "4": 0.582654281,
        "5": 0.5836289493
    },
    "F05": {
        "0": 0.7138211382,
        "1": 0.7247557003,
        "2": 0.704730832,
        "3": 0.6764227642,
        "4": 0.6758957655,
        "5": 0.6769983687
    },
    "F1": {
        "0": 0.7138211382,
        "1": 0.7247557003,
        "2": 0.704730832,
        "3": 0.6764227642,
        "4": 0.6758957655,
        "5": 0.6769983687
    },
    "F2": {
        "0": 0.7142857143,
        "1": 0.7247557003,
        "2": 0.7142857143,
        "3": 0.7142857143,
        "4": 0.7142857143,
        "5": 0.7142857143
    },
    "GINI": {
        "0": 0.6991420451,
        "1": 0.7023257541,
        "2": 0.6404067392,
        "3": 0.5365853659,
        "4": 0.5358306189,
        "5": 0.5367047308
    },
    "LOGLOSS": {
        "0": 0.7326699867,
        "1": 0.7338559301,
        "2": 0.7841921582,
        "3": 0.8508364464,
        "4": 0.8515863739,
        "5": 0.8502108878
    },
    "MACROAUC": {
        "0": 0.7142853921,
        "1": 0.7320549048,
        "2": 0.6512439673,
        "3": 0.5,
        "4": 0.5,
        "5": 0.5
    },
    "MCC": {
        "0": 0.5707317073,
        "1": 0.5871335505,
        "2": 0.557096248,
        "3": 0.5146341463,
        "4": 0.5138436482,
        "5": 0.515497553
    }
}