{
    "gain": {
        "0.01": 0.0265822785,
        "0.02": 0.046835443,
        "0.03": 0.0734177215,
        "0.04": 0.0974683544,
        "0.05": 0.1253164557,
        "0.1": 0.2518987342,
        "0.15": 0.3708860759,
        "0.2": 0.4860759494,
        "0.3": 0.7,
        "0.4": 0.8151898734,
        "0.5": 0.8746835443,
        "0.6": 0.9151898734,
        "0.7": 0.9455696203,
        "0.8": 0.964556962,
        "0.9": 0.9797468354,
        "1.0": 1.0
    },
    "lift": {
        "0.01": 2.6582278481,
        "0.02": 2.3417721519,
        "0.03": 2.447257384,
        "0.04": 2.4367088608,
        "0.05": 2.5063291139,
        "0.1": 2.5189873418,
        "0.15": 2.4725738397,
        "0.2": 2.4303797468,
        "0.3": 2.3333333333,
        "0.4": 2.0379746835,
        "0.5": 1.7493670886,
        "0.6": 1.5253164557,
        "0.7": 1.3508137432,
        "0.8": 1.2056962025,
        "0.9": 1.0886075949,
        "1.0": 1.0
    },
    "k-s": {
        "0.01": 0.0253164557,
        "0.02": 0.0405063291,
        "0.03": 0.0651898734,
        "0.04": 0.0867088608,
        "0.05": 0.1132911392,
        "0.1": 0.2278481013,
        "0.15": 0.3316455696,
        "0.2": 0.4291139241,
        "0.3": 0.6,
        "0.4": 0.6227848101,
        "0.5": 0.5620253165,
        "0.6": 0.4727848101,
        "0.7": 0.3683544304,
        "0.8": 0.246835443,
        "0.9": 0.1196202532,
        "1.0": 0.0
    }
}