{
    "gain": {
        "0.01": 0.0244273566,
        "0.02": 0.0472251603,
        "0.03": 0.0727400645,
        "0.04": 0.0955396394,
        "0.05": 0.1215965519,
        "0.1": 0.2426555149,
        "0.15": 0.3566684191,
        "0.2": 0.4706689503,
        "0.3": 0.6693752062,
        "0.4": 0.7828319666,
        "0.5": 0.8447195642,
        "0.6": 0.8838111065,
        "0.7": 0.9267011147,
        "0.8": 0.9538446921,
        "0.9": 0.9782747027,
        "1.0": 1.0
    },
    "lift": {
        "0.01": 2.4427356633,
        "0.02": 2.3612580133,
        "0.03": 2.4246688159,
        "0.04": 2.388490984,
        "0.05": 2.4319310375,
        "0.1": 2.4265551493,
        "0.15": 2.3777894603,
        "0.2": 2.3533447517,
        "0.3": 2.2312506873,
        "0.4": 1.9570799165,
        "0.5": 1.6894391285,
        "0.6": 1.4730185108,
        "0.7": 1.3238587354,
        "0.8": 1.1923058651,
        "0.9": 1.0869718919,
        "1.0": 1.0
    },
    "k-s": {
        "0.01": 0.0219869707,
        "0.02": 0.0415309446,
        "0.03": 0.0643322476,
        "0.04": 0.0838762215,
        "0.05": 0.1077633008,
        "0.1": 0.2144408252,
        "0.15": 0.3105320304,
        "0.2": 0.4063517915,
        "0.3": 0.5545602606,
        "0.4": 0.5746471227,
        "0.5": 0.5173724213,
        "0.6": 0.4258957655,
        "0.7": 0.3403908795,
        "0.8": 0.2309989142,
        "0.9": 0.1178067318,
        "1.0": 0.0
    }
}