{
    "Coefficient": {
        "10_TEXTBIGRU_TE:tweet.0": 0.7998315096,
        "10_TEXTBIGRU_TE:tweet.1": 2.5861461163,
        "10_TEXTBIGRU_TE:tweet.2": 0.9485880136,
        "11_CVTE:tweet.0": 0.2501605749,
        "11_CVTE:tweet.1": 0.1755699664,
        "11_CVTE:tweet.2": 0.1433966458,
        "2_TEXTCNN_TE:tweet.0": 1.0910195112,
        "2_TEXTCNN_TE:tweet.1": 2.8422889709,
        "2_TEXTCNN_TE:tweet.2": 1.2481110096,
        "3_Txt:tweet.0": 1.134231329,
        "3_Txt:tweet.1": 0.95397681,
        "3_Txt:tweet.10": 0.7856643796,
        "3_Txt:tweet.11": 1.0897489786,
        "3_Txt:tweet.12": 1.0863256454,
        "3_Txt:tweet.13": 0.89633286,
        "3_Txt:tweet.14": 0.9377467632,
        "3_Txt:tweet.15": 1.0971463919,
        "3_Txt:tweet.16": 1.0557374954,
        "3_Txt:tweet.17": 0.9745885134,
        "3_Txt:tweet.18": 0.8614798784,
        "3_Txt:tweet.19": 0.8796611428,
        "3_Txt:tweet.2": 1.0379838943,
        "3_Txt:tweet.20": 0.9083134532,
        "3_Txt:tweet.21": 1.0021542311,
        "3_Txt:tweet.22": 1.1360071898,
        "3_Txt:tweet.23": 1.0171291828,
        "3_Txt:tweet.24": 0.8331801891,
        "3_Txt:tweet.25": 0.9275694489,
        "3_Txt:tweet.26": 0.8844311237,
        "3_Txt:tweet.27": 0.8785569668,
        "3_Txt:tweet.28": 1.0788433552,
        "3_Txt:tweet.29": 1.0776557922,
        "3_Txt:tweet.3": 1.2837289572,
        "3_Txt:tweet.30": 0.8907469511,
        "3_Txt:tweet.31": 0.8669383526,
        "3_Txt:tweet.32": 0.9705162048,
        "3_Txt:tweet.33": 0.9999212027,
        "3_Txt:tweet.34": 0.8210164309,
        "3_Txt:tweet.35": 1.0520442724,
        "3_Txt:tweet.36": 0.9645221233,
        "3_Txt:tweet.37": 1.1025401354,
        "3_Txt:tweet.38": 0.9959064722,
        "3_Txt:tweet.39": 0.9704755545,
        "3_Txt:tweet.4": 2.0454208851,
        "3_Txt:tweet.40": 0.8426178098,
        "3_Txt:tweet.41": 0.8091835976,
        "3_Txt:tweet.42": 0.7750993967,
        "3_Txt:tweet.43": 0.9023066163,
        "3_Txt:tweet.44": 0.854154706,
        "3_Txt:tweet.45": 0.8832280636,
        "3_Txt:tweet.46": 1.0016579628,
        "3_Txt:tweet.47": 0.8125946522,
        "3_Txt:tweet.48": 0.9031006098,
        "3_Txt:tweet.49": 0.9607093334,
        "3_Txt:tweet.5": 1.2372785807,
        "3_Txt:tweet.6": 0.9119927287,
        "3_Txt:tweet.7": 1.1090068817,
        "3_Txt:tweet.8": 1.09448421,
        "3_Txt:tweet.9": 1.0897563696,
        "5_TEXTCHARCNN_TE:tweet.0": 1.000054121,
        "5_TEXTCHARCNN_TE:tweet.1": 0.7699657083,
        "5_TEXTCHARCNN_TE:tweet.2": 0.671756804
    },
    "Standard Deviation of Coefficient": {
        "10_TEXTBIGRU_TE:tweet.0": 0.0365298577,
        "10_TEXTBIGRU_TE:tweet.1": 0.1515208334,
        "10_TEXTBIGRU_TE:tweet.2": 0.095025152,
        "11_CVTE:tweet.0": 0.0422712676,
        "11_CVTE:tweet.1": 0.0208020154,
        "11_CVTE:tweet.2": 0.0201906879,
        "2_TEXTCNN_TE:tweet.0": 0.0512976758,
        "2_TEXTCNN_TE:tweet.1": 0.0910544321,
        "2_TEXTCNN_TE:tweet.2": 0.0697971955,
        "3_Txt:tweet.0": 0.0148911849,
        "3_Txt:tweet.1": 0.0575384386,
        "3_Txt:tweet.10": 0.015058863,
        "3_Txt:tweet.11": 0.1000604853,
        "3_Txt:tweet.12": 0.0441780612,
        "3_Txt:tweet.13": 0.0847468153,
        "3_Txt:tweet.14": 0.0597771034,
        "3_Txt:tweet.15": 0.08625599,
        "3_Txt:tweet.16": 0.1573904008,
        "3_Txt:tweet.17": 0.0964715555,
        "3_Txt:tweet.18": 0.0259024929,
        "3_Txt:tweet.19": 0.115373984,
        "3_Txt:tweet.2": 0.0352290794,
        "3_Txt:tweet.20": 0.0704333633,
        "3_Txt:tweet.21": 0.1169822514,
        "3_Txt:tweet.22": 0.0230723228,
        "3_Txt:tweet.23": 0.0709281489,
        "3_Txt:tweet.24": 0.057859499,
        "3_Txt:tweet.25": 0.0496173352,
        "3_Txt:tweet.26": 0.0774008781,
        "3_Txt:tweet.27": 0.0384090543,
        "3_Txt:tweet.28": 0.0884852037,
        "3_Txt:tweet.29": 0.1202879548,
        "3_Txt:tweet.3": 0.0956839249,
        "3_Txt:tweet.30": 0.0342408009,
        "3_Txt:tweet.31": 0.0615925267,
        "3_Txt:tweet.32": 0.0662814453,
        "3_Txt:tweet.33": 0.0551414751,
        "3_Txt:tweet.34": 0.0937867165,
        "3_Txt:tweet.35": 0.0368316658,
        "3_Txt:tweet.36": 0.0988752469,
        "3_Txt:tweet.37": 0.0566821285,
        "3_Txt:tweet.38": 0.1275403649,
        "3_Txt:tweet.39": 0.0206728503,
        "3_Txt:tweet.4": 0.0869904682,
        "3_Txt:tweet.40": 0.0561197214,
        "3_Txt:tweet.41": 0.0507170856,
        "3_Txt:tweet.42": 0.0680238158,
        "3_Txt:tweet.43": 0.0758008659,
        "3_Txt:tweet.44": 0.0580762736,
        "3_Txt:tweet.45": 0.051639691,
        "3_Txt:tweet.46": 0.0983044878,
        "3_Txt:tweet.47": 0.0694812164,
        "3_Txt:tweet.48": 0.0512231104,
        "3_Txt:tweet.49": 0.116281949,
        "3_Txt:tweet.5": 0.1108405888,
        "3_Txt:tweet.6": 0.0569432899,
        "3_Txt:tweet.7": 0.0576949976,
        "3_Txt:tweet.8": 0.1397621632,
        "3_Txt:tweet.9": 0.1538050622,
        "5_TEXTCHARCNN_TE:tweet.0": 0.1239026487,
        "5_TEXTCHARCNN_TE:tweet.1": 0.1050901562,
        "5_TEXTCHARCNN_TE:tweet.2": 0.1043050811
    },
    "Description": {
        "10_TEXTBIGRU_TE:tweet.0": "Predicted probabilities of class #1 based on TEXTBIGRU model on text column ['tweet'] (embeddings trained from scratch), trained for 2 epochs",
        "10_TEXTBIGRU_TE:tweet.1": "Predicted probabilities of class #2 based on TEXTBIGRU model on text column ['tweet'] (embeddings trained from scratch), trained for 2 epochs",
        "10_TEXTBIGRU_TE:tweet.2": "Predicted probabilities of class #3 based on TEXTBIGRU model on text column ['tweet'] (embeddings trained from scratch), trained for 2 epochs",
        "11_CVTE:tweet.0": "Out-of-fold mean of the response (class 0) grouped by: ['tweet'] using 5 folds [internal:(100, 1, None)]",
        "11_CVTE:tweet.1": "Out-of-fold mean of the response (class 1) grouped by: ['tweet'] using 5 folds [internal:(100, 1, None)]",
        "11_CVTE:tweet.2": "Out-of-fold mean of the response (class 2) grouped by: ['tweet'] using 5 folds [internal:(100, 1, None)]",
        "2_TEXTCNN_TE:tweet.0": "Predicted probabilities of class #1 based on TEXTCNN model on text column ['tweet'] (embeddings trained from scratch), trained for 2 epochs",
        "2_TEXTCNN_TE:tweet.1": "Predicted probabilities of class #2 based on TEXTCNN model on text column ['tweet'] (embeddings trained from scratch), trained for 2 epochs",
        "2_TEXTCNN_TE:tweet.2": "Predicted probabilities of class #3 based on TEXTCNN model on text column ['tweet'] (embeddings trained from scratch), trained for 2 epochs",
        "3_Txt:tweet.0": "Feature #1 of tf-idf-based word embedding  (followed by dimensionality reduction to 50 dimensions) of 'tweet' [internal:(True, 3, 50)]",
        "3_Txt:tweet.1": "Feature #2 of tf-idf-based word embedding  (followed by dimensionality reduction to 50 dimensions) of 'tweet' [internal:(True, 3, 50)]",
        "3_Txt:tweet.10": "Feature #11 of tf-idf-based word embedding  (followed by dimensionality reduction to 50 dimensions) of 'tweet' [internal:(True, 3, 50)]",
        "3_Txt:tweet.11": "Feature #12 of tf-idf-based word embedding  (followed by dimensionality reduction to 50 dimensions) of 'tweet' [internal:(True, 3, 50)]",
        "3_Txt:tweet.12": "Feature #13 of tf-idf-based word embedding  (followed by dimensionality reduction to 50 dimensions) of 'tweet' [internal:(True, 3, 50)]",
        "3_Txt:tweet.13": "Feature #14 of tf-idf-based word embedding  (followed by dimensionality reduction to 50 dimensions) of 'tweet' [internal:(True, 3, 50)]",
        "3_Txt:tweet.14": "Feature #15 of tf-idf-based word embedding  (followed by dimensionality reduction to 50 dimensions) of 'tweet' [internal:(True, 3, 50)]",
        "3_Txt:tweet.15": "Feature #16 of tf-idf-based word embedding  (followed by dimensionality reduction to 50 dimensions) of 'tweet' [internal:(True, 3, 50)]",