{
    "Coefficient": {
        "10_TEXTBIGRU_TE:tweet.0": 0.7998315096,
        "10_TEXTBIGRU_TE:tweet.1": 2.5861461163,
        "10_TEXTBIGRU_TE:tweet.2": 0.9485880136,
        "11_CVTE:tweet.0": 0.2501605749,
        "11_CVTE:tweet.1": 0.1755699664,
        "11_CVTE:tweet.2": 0.1433966458,
        "2_TEXTCNN_TE:tweet.0": 1.0910195112,
        "2_TEXTCNN_TE:tweet.1": 2.8422889709,
        "2_TEXTCNN_TE:tweet.2": 1.2481110096,
        "3_Txt:tweet.0": 1.134231329,
        "3_Txt:tweet.1": 0.95397681,
        "3_Txt:tweet.10": 0.7856643796,
        "3_Txt:tweet.11": 1.0897489786,
        "3_Txt:tweet.12": 1.0863256454,
        "3_Txt:tweet.13": 0.89633286,
        "3_Txt:tweet.14": 0.9377467632,
        "3_Txt:tweet.15": 1.0971463919,
        "3_Txt:tweet.16": 1.0557374954,
        "3_Txt:tweet.17": 0.9745885134,
        "3_Txt:tweet.18": 0.8614798784,
        "3_Txt:tweet.19": 0.8796611428,
        "3_Txt:tweet.2": 1.0379838943,
        "3_Txt:tweet.20": 0.9083134532,
        "3_Txt:tweet.21": 1.0021542311,
        "3_Txt:tweet.22": 1.1360071898,
        "3_Txt:tweet.23": 1.0171291828,
        "3_Txt:tweet.24": 0.8331801891,
        "3_Txt:tweet.25": 0.9275694489,
        "3_Txt:tweet.26": 0.8844311237,
        "3_Txt:tweet.27": 0.8785569668,
        "3_Txt:tweet.28": 1.0788433552,
        "3_Txt:tweet.29": 1.0776557922,
        "3_Txt:tweet.3": 1.2837289572,
        "3_Txt:tweet.30": 0.8907469511,
        "3_Txt:tweet.31": 0.8669383526,
        "3_Txt:tweet.32": 0.9705162048,
        "3_Txt:tweet.33": 0.9999212027,
        "3_Txt:tweet.34": 0.8210164309,
        "3_Txt:tweet.35": 1.0520442724,
        "3_Txt:tweet.36": 0.9645221233,
        "3_Txt:tweet.37": 1.1025401354,
        "3_Txt:tweet.38": 0.9959064722,
        "3_Txt:tweet.39": 0.9704755545,
        "3_Txt:tweet.4": 2.0454208851,
        "3_Txt:tweet.40": 0.8426178098,
        "3_Txt:tweet.41": 0.8091835976,
        "3_Txt:tweet.42": 0.7750993967,
        "3_Txt:tweet.43": 0.9023066163,
        "3_Txt:tweet.44": 0.854154706,
        "3_Txt:tweet.45": 0.8832280636,
        "3_Txt:tweet.46": 1.0016579628,
        "3_Txt:tweet.47": 0.8125946522,
        "3_Txt:tweet.48": 0.9031006098,
        "3_Txt:tweet.49": 0.9607093334,
        "3_Txt:tweet.5": 1.2372785807,
        "3_Txt:tweet.6": 0.9119927287,
        "3_Txt:tweet.7": 1.1090068817,
        "3_Txt:tweet.8": 1.09448421,
        "3_Txt:tweet.9": 1.0897563696,
        "5_TEXTCHARCNN_TE:tweet.0": 1.000054121,
        "5_TEXTCHARCNN_TE:tweet.1": 0.7699657083,
        "5_TEXTCHARCNN_TE:tweet.2": 0.671756804
    },
    "Shift of Coefficient": {
        "10_TEXTBIGRU_TE:tweet.0": -0.6478611231,
        "10_TEXTBIGRU_TE:tweet.1": -0.2394523621,
        "10_TEXTBIGRU_TE:tweet.2": -0.8679527044,
        "11_CVTE:tweet.0": -0.1948172152,
        "11_CVTE:tweet.1": -0.2368058711,
        "11_CVTE:tweet.2": -0.202622503,
        "2_TEXTCNN_TE:tweet.0": -0.8732908964,
        "2_TEXTCNN_TE:tweet.1": -2.5697345734,
        "2_TEXTCNN_TE:tweet.2": -2.1914358139,
        "3_Txt:tweet.0": -1.1185019016,
        "3_Txt:tweet.1": -1.2965342999,
        "3_Txt:tweet.10": -1.3350579739,
        "3_Txt:tweet.11": -0.7719830275,
        "3_Txt:tweet.12": -0.7677026987,
        "3_Txt:tweet.13": -1.1947911978,
        "3_Txt:tweet.14": -1.065533638,
        "3_Txt:tweet.15": -1.023404479,
        "3_Txt:tweet.16": -1.5773153305,
        "3_Txt:tweet.17": -0.8578957319,
        "3_Txt:tweet.18": -1.2009106874,
        "3_Txt:tweet.19": -1.0945360661,
        "3_Txt:tweet.2": -0.9395490885,
        "3_Txt:tweet.20": -0.8870372176,
        "3_Txt:tweet.21": -0.7748962641,
        "3_Txt:tweet.22": -1.0323301554,
        "3_Txt:tweet.23": -1.251124382,
        "3_Txt:tweet.24": -0.9379951954,
        "3_Txt:tweet.25": -0.9614067674,
        "3_Txt:tweet.26": -0.7756295204,
        "3_Txt:tweet.27": -1.0703463554,
        "3_Txt:tweet.28": -0.896551609,
        "3_Txt:tweet.29": -1.1339898109,
        "3_Txt:tweet.3": -2.0613737106,
        "3_Txt:tweet.30": -0.9672590494,
        "3_Txt:tweet.31": -1.2245390415,
        "3_Txt:tweet.32": -0.9606434107,
        "3_Txt:tweet.33": -0.9984999895,
        "3_Txt:tweet.34": -0.8436841965,
        "3_Txt:tweet.35": -0.9350119829,
        "3_Txt:tweet.36": -0.9225560427,
        "3_Txt:tweet.37": -0.7907191515,
        "3_Txt:tweet.38": -1.1330119371,
        "3_Txt:tweet.39": -0.7470647097,
        "3_Txt:tweet.4": -2.1066987514,
        "3_Txt:tweet.40": -0.816968143,
        "3_Txt:tweet.41": -1.1887848377,
        "3_Txt:tweet.42": -0.9041121006,
        "3_Txt:tweet.43": -1.1334691048,
        "3_Txt:tweet.44": -1.0793721676,
        "3_Txt:tweet.45": -0.7585616112,
        "3_Txt:tweet.46": -0.7409234047,
        "3_Txt:tweet.47": -1.354667902,
        "3_Txt:tweet.48": -0.8937697411,
        "3_Txt:tweet.49": -1.0771660805,
        "3_Txt:tweet.5": -1.4483357668,
        "3_Txt:tweet.6": -1.240688324,
        "3_Txt:tweet.7": -1.8450462818,
        "3_Txt:tweet.8": -1.398037076,
        "3_Txt:tweet.9": -0.8267894983,
        "5_TEXTCHARCNN_TE:tweet.0": -1.0833115578,
        "5_TEXTCHARCNN_TE:tweet.1": -1.2010586262,
        "5_TEXTCHARCNN_TE:tweet.2": -1.1551537514
    },
    "Description": {
        "10_TEXTBIGRU_TE:tweet.0": "Predicted probabilities of class #1 based on TEXTBIGRU model on text column ['tweet'] (embeddings trained from scratch), trained for 2 epochs",
        "10_TEXTBIGRU_TE:tweet.1": "Predicted probabilities of class #2 based on TEXTBIGRU model on text column ['tweet'] (embeddings trained from scratch), trained for 2 epochs",
        "10_TEXTBIGRU_TE:tweet.2": "Predicted probabilities of class #3 based on TEXTBIGRU model on text column ['tweet'] (embeddings trained from scratch), trained for 2 epochs",
        "11_CVTE:tweet.0": "Out-of-fold mean of the response (class 0) grouped by: ['tweet'] using 5 folds [internal:(100, 1, None)]",
        "11_CVTE:tweet.1": "Out-of-fold mean of the response (class 1) grouped by: ['tweet'] using 5 folds [internal:(100, 1, None)]",
        "11_CVTE:tweet.2": "Out-of-fold mean of the response (class 2) grouped by: ['tweet'] using 5 folds [internal:(100, 1, None)]",
        "2_TEXTCNN_TE:tweet.0": "Predicted probabilities of class #1 based on TEXTCNN model on text column ['tweet'] (embeddings trained from scratch), trained for 2 epochs",
        "2_TEXTCNN_TE:tweet.1": "Predicted probabilities of class #2 based on TEXTCNN model on text column ['tweet'] (embeddings trained from scratch), trained for 2 epochs",
        "2_TEXTCNN_TE:tweet.2": "Predicted probabilities of class #3 based on TEXTCNN model on text column ['tweet'] (embeddings trained from scratch), trained for 2 epochs",
        "3_Txt:tweet.0": "Feature #1 of tf-idf-based word embedding  (followed by dimensionality reduction to 50 dimensions) of 'tweet' [internal:(True, 3, 50)]",
        "3_Txt:tweet.1": "Feature #2 of tf-idf-based word embedding  (followed by dimensionality reduction to 50 dimensions) of 'tweet' [internal:(True, 3, 50)]",
        "3_Txt:tweet.10": "Feature #11 of tf-idf-based word embedding  (followed by dimensionality reduction to 50 dimensions) of 'tweet' [internal:(True, 3, 50)]",
        "3_Txt:tweet.11": "Feature #12 of tf-idf-based word embedding  (followed by dimensionality reduction to 50 dimensions) of 'tweet' [internal:(True, 3, 50)]",
        "3_Txt:tweet.12": "Feature #13 of tf-idf-based word embedding  (followed by dimensionality reduction to 50 dimensions) of 'tweet' [internal:(True, 3, 50)]",
        "3_Txt:tweet.13": "Feature #14 of tf-idf-based word embedding  (followed by dimensionality reduction to 50 dimensions) of 'tweet' [internal:(True, 3, 50)]",
        "3_Txt:tweet.14": "Feature #15 of tf-idf-based word embedding  (followed by dimensionality reduction to 50 dimensions) of 'tweet' [internal:(True, 3, 50)]",