{
    "Relative Importance": {
        "2_TEXTCNN_TE:tweet.1": 1.0,
        "3_Txt:tweet.4": 0.7672027946,
        "2_TEXTCNN_TE:tweet.2": 0.6355380416,
        "3_Txt:tweet.3": 0.6180872321,
        "3_Txt:tweet.7": 0.5458315611,
        "10_TEXTBIGRU_TE:tweet.1": 0.5220965147,
        "3_Txt:tweet.5": 0.4962310791,
        "3_Txt:tweet.16": 0.4865190983,
        "3_Txt:tweet.8": 0.4605525434,
        "3_Txt:tweet.23": 0.4191137552,
        "3_Txt:tweet.0": 0.4162460268,
        "3_Txt:tweet.1": 0.4158354402,
        "3_Txt:tweet.29": 0.4086540937,
        "3_Txt:tweet.22": 0.4006518722,
        "3_Txt:tweet.47": 0.4004532695,
        "3_Txt:tweet.6": 0.3977590203,
        "3_Txt:tweet.38": 0.393368274,
        "3_Txt:tweet.10": 0.391853869,
        "3_Txt:tweet.15": 0.3918221891,
        "3_Txt:tweet.31": 0.3864501715,
        "3_Txt:tweet.13": 0.3863848746,
        "5_TEXTCHARCNN_TE:tweet.0": 0.3849513233,
        "3_Txt:tweet.18": 0.3810756803,
        "3_Txt:tweet.49": 0.3765459359,
        "3_Txt:tweet.43": 0.3761579394,
        "3_Txt:tweet.14": 0.3701536655,
        "3_Txt:tweet.33": 0.369255811,
        "3_Txt:tweet.41": 0.3691721559,
        "3_Txt:tweet.35": 0.3671558797,
        "3_Txt:tweet.2": 0.3653962314,
        "3_Txt:tweet.28": 0.3650011718,
        "3_Txt:tweet.19": 0.3647798598,
        "5_TEXTCHARCNN_TE:tweet.1": 0.3641935885,
        "2_TEXTCNN_TE:tweet.0": 0.362953037,
        "3_Txt:tweet.27": 0.3601062298,
        "3_Txt:tweet.44": 0.3572650552,
        "3_Txt:tweet.32": 0.3568276465,
        "3_Txt:tweet.9": 0.3541274071,
        "3_Txt:tweet.37": 0.349824667,
        "3_Txt:tweet.25": 0.3490332663,
        "3_Txt:tweet.36": 0.3486825526,
        "3_Txt:tweet.11": 0.3439992368,
        "3_Txt:tweet.30": 0.3433107734,
        "3_Txt:tweet.12": 0.3425758183,
        "3_Txt:tweet.17": 0.3385950327,
        "5_TEXTCHARCNN_TE:tweet.2": 0.3375651538,
        "10_TEXTBIGRU_TE:tweet.2": 0.3356490731,
        "3_Txt:tweet.48": 0.3320145011,
        "3_Txt:tweet.20": 0.3317337036,
        "3_Txt:tweet.21": 0.3283523321,
        "3_Txt:tweet.24": 0.3272667527,
        "3_Txt:tweet.46": 0.3219833374,
        "3_Txt:tweet.39": 0.3173563778,
        "3_Txt:tweet.42": 0.3102742434,
        "3_Txt:tweet.34": 0.3075930178,
        "3_Txt:tweet.26": 0.3067356646,
        "3_Txt:tweet.40": 0.3066479564,
        "3_Txt:tweet.45": 0.3033596575,
        "10_TEXTBIGRU_TE:tweet.0": 0.2674956322,
        "11_CVTE:tweet.0": 0.0822202265,
        "11_CVTE:tweet.1": 0.0761962384,
        "11_CVTE:tweet.2": 0.0639352649,
        "8_Freq:tweet": 0.000193513
    },
    "Standard Deviation of Relative Importance": {
        "2_TEXTCNN_TE:tweet.1": 0.1106766015,
        "3_Txt:tweet.4": 0.2697320282,
        "2_TEXTCNN_TE:tweet.2": 0.1909164786,
        "3_Txt:tweet.3": 0.1774552613,
        "3_Txt:tweet.7": 0.2497508377,
        "10_TEXTBIGRU_TE:tweet.1": 0.1742138714,
        "3_Txt:tweet.5": 0.0908262432,
        "3_Txt:tweet.16": 0.1344358921,
        "3_Txt:tweet.8": 0.1254348457,
        "3_Txt:tweet.23": 0.0635501817,
        "3_Txt:tweet.0": 0.1098854244,
        "3_Txt:tweet.1": 0.0959353819,
        "3_Txt:tweet.29": 0.0892504305,
        "3_Txt:tweet.22": 0.0851197094,
        "3_Txt:tweet.47": 0.0847590566,
        "3_Txt:tweet.6": 0.0761261657,
        "3_Txt:tweet.38": 0.1039389446,
        "3_Txt:tweet.10": 0.0581097268,
        "3_Txt:tweet.15": 0.0783247948,
        "3_Txt:tweet.31": 0.0679266602,
        "3_Txt:tweet.13": 0.0574525818,
        "5_TEXTCHARCNN_TE:tweet.0": 0.0874252319,
        "3_Txt:tweet.18": 0.071705766,
        "3_Txt:tweet.49": 0.0876419619,
        "3_Txt:tweet.43": 0.0618323721,
        "3_Txt:tweet.14": 0.1109448448,
        "3_Txt:tweet.33": 0.0841263682,
        "3_Txt:tweet.41": 0.0884540305,
        "3_Txt:tweet.35": 0.0692355335,
        "3_Txt:tweet.2": 0.0377738252,
        "3_Txt:tweet.28": 0.0857317224,
        "3_Txt:tweet.19": 0.0631061941,
        "5_TEXTCHARCNN_TE:tweet.1": 0.0804021731,
        "2_TEXTCNN_TE:tweet.0": 0.0531147607,
        "3_Txt:tweet.27": 0.0452430882,
        "3_Txt:tweet.44": 0.0552778207,
        "3_Txt:tweet.32": 0.0744068027,
        "3_Txt:tweet.9": 0.1124150828,
        "3_Txt:tweet.37": 0.0870348737,
        "3_Txt:tweet.25": 0.055022303,
        "3_Txt:tweet.36": 0.0666322857,
        "3_Txt:tweet.11": 0.036781121,
        "3_Txt:tweet.30": 0.0669654086,
        "3_Txt:tweet.12": 0.0504143722,
        "3_Txt:tweet.17": 0.075867936,
        "5_TEXTCHARCNN_TE:tweet.2": 0.0666593388,
        "10_TEXTBIGRU_TE:tweet.2": 0.0894473121,
        "3_Txt:tweet.48": 0.0782125667,
        "3_Txt:tweet.20": 0.0635665506,
        "3_Txt:tweet.21": 0.0445017144,
        "3_Txt:tweet.24": 0.0565925874,
        "3_Txt:tweet.46": 0.0990786329,
        "3_Txt:tweet.39": 0.0691597164,
        "3_Txt:tweet.42": 0.0579197146,
        "3_Txt:tweet.34": 0.0602948889,
        "3_Txt:tweet.26": 0.0424856246,
        "3_Txt:tweet.40": 0.0714163855,
        "3_Txt:tweet.45": 0.0366929099,
        "10_TEXTBIGRU_TE:tweet.0": 0.048035793,
        "11_CVTE:tweet.0": 0.0267267916,
        "11_CVTE:tweet.1": 0.0197346285,
        "11_CVTE:tweet.2": 0.0290213469,
        "8_Freq:tweet": 0.0004275573
    },
    "Description": {
        "2_TEXTCNN_TE:tweet.1": "Predicted probabilities of class #2 based on TEXTCNN model on text column ['tweet'] (embeddings trained from scratch), trained for 2 epochs",
        "3_Txt:tweet.4": "Feature #5 of tf-idf-based word embedding  (followed by dimensionality reduction to 50 dimensions) of 'tweet'",
        "2_TEXTCNN_TE:tweet.2": "Predicted probabilities of class #3 based on TEXTCNN model on text column ['tweet'] (embeddings trained from scratch), trained for 2 epochs",
        "3_Txt:tweet.3": "Feature #4 of tf-idf-based word embedding  (followed by dimensionality reduction to 50 dimensions) of 'tweet'",
        "3_Txt:tweet.7": "Feature #8 of tf-idf-based word embedding  (followed by dimensionality reduction to 50 dimensions) of 'tweet'",
        "10_TEXTBIGRU_TE:tweet.1": "Predicted probabilities of class #2 based on TEXTBIGRU model on text column ['tweet'] (embeddings trained from scratch), trained for 2 epochs",
        "3_Txt:tweet.5": "Feature #6 of tf-idf-based word embedding  (followed by dimensionality reduction to 50 dimensions) of 'tweet'",
        "3_Txt:tweet.16": "Feature #17 of tf-idf-based word embedding  (followed by dimensionality reduction to 50 dimensions) of 'tweet'",
        "3_Txt:tweet.8": "Feature #9 of tf-idf-based word embedding  (followed by dimensionality reduction to 50 dimensions) of 'tweet'",
        "3_Txt:tweet.23": "Feature #24 of tf-idf-based word embedding  (followed by dimensionality reduction to 50 dimensions) of 'tweet'",
        "3_Txt:tweet.0": "Feature #1 of tf-idf-based word embedding  (followed by dimensionality reduction to 50 dimensions) of 'tweet'",
        "3_Txt:tweet.1": "Feature #2 of tf-idf-based word embedding  (followed by dimensionality reduction to 50 dimensions) of 'tweet'",
        "3_Txt:tweet.29": "Feature #30 of tf-idf-based word embedding  (followed by dimensionality reduction to 50 dimensions) of 'tweet'",
        "3_Txt:tweet.22": "Feature #23 of tf-idf-based word embedding  (followed by dimensionality reduction to 50 dimensions) of 'tweet'",
        "3_Txt:tweet.47": "Feature #48 of tf-idf-based word embedding  (followed by dimensionality reduction to 50 dimensions) of 'tweet'",
        "3_Txt:tweet.6": "Feature #7 of tf-idf-based word embedding  (followed by dimensionality reduction to 50 dimensions) of 'tweet'",
        "3_Txt:tweet.38": "Feature #39 of tf-idf-based word embedding  (followed by dimensionality reduction to 50 dimensions) of 'tweet'",
        "3_Txt:tweet.10": "Feature #11 of tf-idf-based word embedding  (followed by dimensionality reduction to 50 dimensions) of 'tweet'",