{
    "Coefficient": {
        "1_Txt:tweet.0": 199.8348999023,
        "1_Txt:tweet.1": 238.2566070557,
        "1_Txt:tweet.10": 205.6235046387,
        "1_Txt:tweet.11": 156.123916626,
        "1_Txt:tweet.12": 379.5480957031,
        "1_Txt:tweet.13": 432.487701416,
        "1_Txt:tweet.14": 226.2509002686,
        "1_Txt:tweet.15": 232.7957000732,
        "1_Txt:tweet.16": 210.2445068359,
        "1_Txt:tweet.17": 266.0452880859,
        "1_Txt:tweet.18": 309.0350952148,
        "1_Txt:tweet.19": 258.6959838867,
        "1_Txt:tweet.2": 160.9356079102,
        "1_Txt:tweet.20": 211.3769073486,
        "1_Txt:tweet.21": 235.0912017822,
        "1_Txt:tweet.22": 177.3672943115,
        "1_Txt:tweet.23": 285.7309875488,
        "1_Txt:tweet.24": 196.2754974365,
        "1_Txt:tweet.25": 231.4478912354,
        "1_Txt:tweet.26": 185.6837005615,
        "1_Txt:tweet.27": 240.4783935547,
        "1_Txt:tweet.28": 189.6900024414,
        "1_Txt:tweet.29": 259.0364074707,
        "1_Txt:tweet.3": 219.7450866699,
        "1_Txt:tweet.30": 300.3193054199,
        "1_Txt:tweet.31": 232.0615997314,
        "1_Txt:tweet.32": 250.8892059326,
        "1_Txt:tweet.33": 251.9066009521,
        "1_Txt:tweet.34": 246.9801025391,
        "1_Txt:tweet.35": 259.3175048828,
        "1_Txt:tweet.36": 298.1141052246,
        "1_Txt:tweet.37": 261.0104064941,
        "1_Txt:tweet.38": 191.4207000732,
        "1_Txt:tweet.39": 208.0940246582,
        "1_Txt:tweet.4": 211.7532043457,
        "1_Txt:tweet.40": 198.6636047363,
        "1_Txt:tweet.41": 267.886505127,
        "1_Txt:tweet.42": 250.4719085693,
        "1_Txt:tweet.43": 275.8236999512,
        "1_Txt:tweet.44": 178.296295166,
        "1_Txt:tweet.45": 223.8981018066,
        "1_Txt:tweet.46": 193.0467987061,
        "1_Txt:tweet.47": 243.7135009766,
        "1_Txt:tweet.48": 293.2172851562,
        "1_Txt:tweet.49": 256.7291870117,
        "1_Txt:tweet.5": 165.9647979736,
        "1_Txt:tweet.6": 211.5655975342,
        "1_Txt:tweet.7": 602.5604248047,
        "1_Txt:tweet.8": 305.8843994141,
        "1_Txt:tweet.9": 292.5097045898,
        "2_TEXTBIGRU_TE:tweet.0": 214.5726013184,
        "2_TEXTBIGRU_TE:tweet.1": 162.2115936279,
        "2_TEXTBIGRU_TE:tweet.2": 183.2429962158,
        "3_TEXTCNN_TE:tweet.0": 326.629699707,
        "3_TEXTCNN_TE:tweet.1": 179.9037017822,
        "3_TEXTCNN_TE:tweet.2": 267.9364929199,
        "4_TEXTCHARCNN_TE:tweet.0": 361.0459899902,
        "4_TEXTCHARCNN_TE:tweet.1": 192.3556060791,
        "4_TEXTCHARCNN_TE:tweet.2": 243.8123016357
    },
    "Standard Deviation of Coefficient": {
        "1_Txt:tweet.0": 13.2896633148,
        "1_Txt:tweet.1": 17.8449840546,
        "1_Txt:tweet.10": 20.572259903,
        "1_Txt:tweet.11": 10.4143457413,
        "1_Txt:tweet.12": 26.8432388306,
        "1_Txt:tweet.13": 32.3735656738,
        "1_Txt:tweet.14": 14.018237114,
        "1_Txt:tweet.15": 25.2375545502,
        "1_Txt:tweet.16": 14.5054807663,
        "1_Txt:tweet.17": 17.1959609985,
        "1_Txt:tweet.18": 18.4784431458,
        "1_Txt:tweet.19": 21.4114761353,
        "1_Txt:tweet.2": 11.471370697,
        "1_Txt:tweet.20": 15.9133462906,
        "1_Txt:tweet.21": 26.4108486176,
        "1_Txt:tweet.22": 14.8979673386,
        "1_Txt:tweet.23": 31.2173633575,
        "1_Txt:tweet.24": 6.9586782455,
        "1_Txt:tweet.25": 32.8608207703,
        "1_Txt:tweet.26": 15.6096067429,
        "1_Txt:tweet.27": 26.8229961395,
        "1_Txt:tweet.28": 16.4279174805,
        "1_Txt:tweet.29": 16.4232463837,
        "1_Txt:tweet.3": 23.093662262,
        "1_Txt:tweet.30": 40.3222694397,
        "1_Txt:tweet.31": 13.2247905731,
        "1_Txt:tweet.32": 16.4309654236,
        "1_Txt:tweet.33": 14.4279251099,
        "1_Txt:tweet.34": 28.6152420044,
        "1_Txt:tweet.35": 32.3613967896,
        "1_Txt:tweet.36": 30.3199310303,
        "1_Txt:tweet.37": 15.3542585373,
        "1_Txt:tweet.38": 13.1536684036,
        "1_Txt:tweet.39": 17.552936554,
        "1_Txt:tweet.4": 17.5760135651,
        "1_Txt:tweet.40": 19.1073265076,
        "1_Txt:tweet.41": 19.1865997314,
        "1_Txt:tweet.42": 19.7067394257,
        "1_Txt:tweet.43": 29.4447383881,
        "1_Txt:tweet.44": 18.2472724915,
        "1_Txt:tweet.45": 14.1086339951,
        "1_Txt:tweet.46": 8.6350851059,
        "1_Txt:tweet.47": 10.805685997,
        "1_Txt:tweet.48": 19.8141651154,
        "1_Txt:tweet.49": 14.8319396973,
        "1_Txt:tweet.5": 14.9038848877,
        "1_Txt:tweet.6": 12.2720632553,
        "1_Txt:tweet.7": 66.5839614868,
        "1_Txt:tweet.8": 17.3376255035,
        "1_Txt:tweet.9": 21.9798202515,
        "2_TEXTBIGRU_TE:tweet.0": 11.2460842133,
        "2_TEXTBIGRU_TE:tweet.1": 10.8624973297,
        "2_TEXTBIGRU_TE:tweet.2": 9.5616130829,
        "3_TEXTCNN_TE:tweet.0": 15.6878452301,
        "3_TEXTCNN_TE:tweet.1": 9.6358242035,
        "3_TEXTCNN_TE:tweet.2": 12.5708122253,
        "4_TEXTCHARCNN_TE:tweet.0": 19.4692783356,
        "4_TEXTCHARCNN_TE:tweet.1": 15.7729053497,
        "4_TEXTCHARCNN_TE:tweet.2": 20.1588783264
    },
    "Description": {
        "1_Txt:tweet.0": "Feature #1 of tf-idf-based word embedding  (followed by dimensionality reduction to 50 dimensions) of 'tweet'",
        "1_Txt:tweet.1": "Feature #2 of tf-idf-based word embedding  (followed by dimensionality reduction to 50 dimensions) of 'tweet'",
        "1_Txt:tweet.10": "Feature #11 of tf-idf-based word embedding  (followed by dimensionality reduction to 50 dimensions) of 'tweet'",
        "1_Txt:tweet.11": "Feature #12 of tf-idf-based word embedding  (followed by dimensionality reduction to 50 dimensions) of 'tweet'",
        "1_Txt:tweet.12": "Feature #13 of tf-idf-based word embedding  (followed by dimensionality reduction to 50 dimensions) of 'tweet'",
        "1_Txt:tweet.13": "Feature #14 of tf-idf-based word embedding  (followed by dimensionality reduction to 50 dimensions) of 'tweet'",
        "1_Txt:tweet.14": "Feature #15 of tf-idf-based word embedding  (followed by dimensionality reduction to 50 dimensions) of 'tweet'",
        "1_Txt:tweet.15": "Feature #16 of tf-idf-based word embedding  (followed by dimensionality reduction to 50 dimensions) of 'tweet'",
        "1_Txt:tweet.16": "Feature #17 of tf-idf-based word embedding  (followed by dimensionality reduction to 50 dimensions) of 'tweet'",
        "1_Txt:tweet.17": "Feature #18 of tf-idf-based word embedding  (followed by dimensionality reduction to 50 dimensions) of 'tweet'",
        "1_Txt:tweet.18": "Feature #19 of tf-idf-based word embedding  (followed by dimensionality reduction to 50 dimensions) of 'tweet'",
        "1_Txt:tweet.19": "Feature #20 of tf-idf-based word embedding  (followed by dimensionality reduction to 50 dimensions) of 'tweet'",
        "1_Txt:tweet.2": "Feature #3 of tf-idf-based word embedding  (followed by dimensionality reduction to 50 dimensions) of 'tweet'",
        "1_Txt:tweet.20": "Feature #21 of tf-idf-based word embedding  (followed by dimensionality reduction to 50 dimensions) of 'tweet'",
        "1_Txt:tweet.21": "Feature #22 of tf-idf-based word embedding  (followed by dimensionality reduction to 50 dimensions) of 'tweet'",
        "1_Txt:tweet.22": "Feature #23 of tf-idf-based word embedding  (followed by dimensionality reduction to 50 dimensions) of 'tweet'",
        "1_Txt:tweet.23": "Feature #24 of tf-idf-based word embedding  (followed by dimensionality reduction to 50 dimensions) of 'tweet'",
        "1_Txt:tweet.24": "Feature #25 of tf-idf-based word embedding  (followed by dimensionality reduction to 50 dimensions) of 'tweet'",
        "1_Txt:tweet.25": "Feature #26 of tf-idf-based word embedding  (followed by dimensionality reduction to 50 dimensions) of 'tweet'",
        "1_Txt:tweet.26": "Feature #27 of tf-idf-based word embedding  (followed by dimensionality reduction to 50 dimensions) of 'tweet'",