{
    "index": {
        "0": 0,
        "1": 1,
        "2": 2,
        "3": 3,
        "4": 4,
        "5": 5
    },
    "model_name": {
        "0": "XGBoostGBMModel",
        "1": "XGBoostGBMModel",
        "2": "XGBoostGBMModel",
        "3": "ConstantModel",
        "4": "ConstantModel",
        "5": "ConstantModel"
    },
    "fold_id": {
        "0": 0,
        "1": 1,
        "2": 2,
        "3": 0,
        "4": 1,
        "5": 2
    },
    "model_id": {
        "0": 0,
        "1": 0,
        "2": 0,
        "3": 1,
        "4": 1,
        "5": 1
    },
    "ACCURACY": {
        "0": 0.8631921824,
        "1": 0.8631921824,
        "2": 0.8631921824,
        "3": 0.8631921824,
        "4": 0.8631921824,
        "5": 0.8631921824
    },
    "AUC": {
        "0": 0.9383481522,
        "1": 0.9380789186,
        "2": 0.9372858067,
        "3": 0.911237785,
        "4": 0.911237785,
        "5": 0.911237785
    },
    "AUCPR": {
        "0": 0.8803866757,
        "1": 0.8915571619,
        "2": 0.8822176249,
        "3": 0.8047622963,
        "4": 0.8047622963,
        "5": 0.8047622963
    },
    "F05": {
        "0": 0.8631921824,
        "1": 0.8631921824,
        "2": 0.8631921824,
        "3": 0.8631921824,
        "4": 0.8631921824,
        "5": 0.8631921824
    },
    "F1": {
        "0": 0.8631921824,
        "1": 0.8631921824,
        "2": 0.8631921824,
        "3": 0.8631921824,
        "4": 0.8631921824,
        "5": 0.8631921824
    },
    "F2": {
        "0": 0.8631921824,
        "1": 0.8631921824,
        "2": 0.8631921824,
        "3": 0.8631921824,
        "4": 0.8631921824,
        "5": 0.8631921824
    },
    "GINI": {
        "0": 0.8766963045,
        "1": 0.8761578372,
        "2": 0.8745716135,
        "3": 0.82247557,
        "4": 0.82247557,
        "5": 0.82247557
    },
    "LOGLOSS": {
        "0": 0.4468228851,
        "1": 0.4453809282,
        "2": 0.4504033695,
        "3": 0.4824193158,
        "4": 0.4824193158,
        "5": 0.4824193158
    },
    "MACROAUC": {
        "0": 0.7058529623,
        "1": 0.6945888186,
        "2": 0.7033798474,
        "3": 0.5,
        "4": 0.5,
        "5": 0.5
    },
    "MCC": {
        "0": 0.7947882736,
        "1": 0.7947882736,
        "2": 0.7947882736,
        "3": 0.7947882736,
        "4": 0.7947882736,
        "5": 0.7947882736
    }
}