{
    "Relative Importance": {
        "1_Txt:tweet.7": 1.0,
        "1_Txt:tweet.13": 0.9378103614,
        "3_TEXTCNN_TE:tweet.0": 0.6410002708,
        "1_Txt:tweet.8": 0.616266489,
        "1_Txt:tweet.20": 0.6068180203,
        "1_Txt:tweet.47": 0.5985245109,
        "1_Txt:tweet.19": 0.598284483,
        "1_Txt:tweet.23": 0.5903431773,
        "1_Txt:tweet.28": 0.5680982471,
        "1_Txt:tweet.48": 0.5641687512,
        "1_Txt:tweet.43": 0.5500817299,
        "1_Txt:tweet.9": 0.5493580103,
        "1_Txt:tweet.36": 0.5420511365,
        "1_Txt:tweet.35": 0.5296755433,
        "1_Txt:tweet.41": 0.4825912118,
        "1_Txt:tweet.33": 0.4783447385,
        "1_Txt:tweet.37": 0.4779164493,
        "4_TEXTCHARCNN_TE:tweet.0": 0.477027595,
        "1_Txt:tweet.34": 0.4746979177,
        "1_Txt:tweet.12": 0.4723774195,
        "1_Txt:tweet.18": 0.4684762955,
        "1_Txt:tweet.10": 0.4473769367,
        "1_Txt:tweet.46": 0.4268183112,
        "1_Txt:tweet.31": 0.4228953421,
        "1_Txt:tweet.1": 0.4206026793,
        "1_Txt:tweet.38": 0.4018027484,
        "1_Txt:tweet.16": 0.3914687037,
        "1_Txt:tweet.25": 0.3893027604,
        "1_Txt:tweet.24": 0.3864028752,
        "1_Txt:tweet.17": 0.3845414817,
        "1_Txt:tweet.32": 0.3838132024,
        "1_Txt:tweet.30": 0.3755253851,
        "1_Txt:tweet.2": 0.3679264188,
        "3_TEXTCNN_TE:tweet.2": 0.3672697544,
        "1_Txt:tweet.29": 0.3650143743,
        "2_TEXTBIGRU_TE:tweet.2": 0.3562044799,
        "1_Txt:tweet.11": 0.3560695946,
        "1_Txt:tweet.42": 0.3528132439,
        "1_Txt:tweet.6": 0.3524044156,
        "1_Txt:tweet.27": 0.3489337564,
        "1_Txt:tweet.39": 0.3438642025,
        "1_Txt:tweet.4": 0.3433380425,
        "1_Txt:tweet.3": 0.3396874368,
        "1_Txt:tweet.49": 0.3351891041,
        "1_Txt:tweet.5": 0.3350591063,
        "1_Txt:tweet.40": 0.3341757059,
        "1_Txt:tweet.15": 0.3209769428,
        "1_Txt:tweet.22": 0.319365263,
        "1_Txt:tweet.21": 0.3185921311,
        "1_Txt:tweet.14": 0.3173763454,
        "3_TEXTCNN_TE:tweet.1": 0.3082248569,
        "1_Txt:tweet.26": 0.3032985032,
        "1_Txt:tweet.44": 0.3023050725,
        "4_TEXTCHARCNN_TE:tweet.1": 0.2946852744,
        "4_TEXTCHARCNN_TE:tweet.2": 0.2923999131,
        "1_Txt:tweet.45": 0.2743336558,
        "2_TEXTBIGRU_TE:tweet.0": 0.2718496621,
        "1_Txt:tweet.0": 0.2625833154,
        "2_TEXTBIGRU_TE:tweet.1": 0.2125488818
    },
    "Shift of Relative Importance": {
        "1_Txt:tweet.7": 0.0,
        "1_Txt:tweet.13": 0.2200604081,
        "3_TEXTCNN_TE:tweet.0": 0.0989306569,
        "1_Txt:tweet.8": 0.1086254716,
        "1_Txt:tweet.20": 0.2560201585,
        "1_Txt:tweet.47": 0.1940613389,
        "1_Txt:tweet.19": 0.1689566076,
        "1_Txt:tweet.23": 0.116148442,
        "1_Txt:tweet.28": 0.2532916367,
        "1_Txt:tweet.48": 0.0775498748,
        "1_Txt:tweet.43": 0.0923289657,
        "1_Txt:tweet.9": 0.0639134049,
        "1_Txt:tweet.36": 0.0473055542,
        "1_Txt:tweet.35": 0.0993162096,
        "1_Txt:tweet.41": 0.0380108953,
        "1_Txt:tweet.33": 0.0602844357,
        "1_Txt:tweet.37": 0.044747591,
        "4_TEXTCHARCNN_TE:tweet.0": -0.1221587658,
        "1_Txt:tweet.34": 0.0648135543,
        "1_Txt:tweet.12": -0.157514751,
        "1_Txt:tweet.18": -0.044393599,
        "1_Txt:tweet.10": 0.1061273217,
        "1_Txt:tweet.46": 0.1064408123,
        "1_Txt:tweet.31": 0.0377694964,
        "1_Txt:tweet.1": 0.025195688,
        "1_Txt:tweet.38": 0.0841239095,
        "1_Txt:tweet.16": 0.0425501466,
        "1_Txt:tweet.25": 0.0051954091,
        "1_Txt:tweet.24": 0.0606670976,
        "1_Txt:tweet.17": -0.0569831729,
        "1_Txt:tweet.32": -0.0325586498,
        "1_Txt:tweet.30": -0.1228799224,
        "1_Txt:tweet.2": 0.1008401513,
        "3_TEXTCNN_TE:tweet.2": -0.0773935318,
        "1_Txt:tweet.29": -0.0648784637,
        "2_TEXTBIGRU_TE:tweet.2": 0.0520972311,
        "1_Txt:tweet.11": 0.0969687402,
        "1_Txt:tweet.42": -0.0628660917,
        "1_Txt:tweet.6": 0.0012934208,
        "1_Txt:tweet.27": -0.0501604676,
        "1_Txt:tweet.39": -0.0014854372,
        "1_Txt:tweet.4": -0.008084327,
        "1_Txt:tweet.3": -0.0249981284,
        "1_Txt:tweet.49": -0.0908747017,
        "1_Txt:tweet.5": 0.0596264899,
        "1_Txt:tweet.40": 0.0044766366,
        "1_Txt:tweet.15": -0.0653672218,
        "1_Txt:tweet.22": 0.0250092447,
        "1_Txt:tweet.21": -0.0715616047,
        "1_Txt:tweet.14": -0.0581061542,
        "3_TEXTCNN_TE:tweet.1": 0.0096594393,
        "1_Txt:tweet.26": -0.0048592985,
        "1_Txt:tweet.44": 0.0064072907,
        "4_TEXTCHARCNN_TE:tweet.1": -0.0245451331,
        "4_TEXTCHARCNN_TE:tweet.2": -0.1122272313,
        "1_Txt:tweet.45": -0.0972441733,
        "2_TEXTBIGRU_TE:tweet.0": -0.0842517316,
        "1_Txt:tweet.0": -0.0690596104,
        "2_TEXTBIGRU_TE:tweet.1": -0.0566549897
    },
    "Description": {
        "1_Txt:tweet.7": "Feature #8 of tf-idf-based word embedding  (followed by dimensionality reduction to 50 dimensions) of 'tweet' [internal:(True, 1, 50)]",
        "1_Txt:tweet.13": "Feature #14 of tf-idf-based word embedding  (followed by dimensionality reduction to 50 dimensions) of 'tweet' [internal:(True, 1, 50)]",
        "3_TEXTCNN_TE:tweet.0": "Predicted probabilities of class #1 based on TEXTCNN model on text column ['tweet'] (embeddings trained from scratch), trained for 2 epochs",
        "1_Txt:tweet.8": "Feature #9 of tf-idf-based word embedding  (followed by dimensionality reduction to 50 dimensions) of 'tweet' [internal:(True, 1, 50)]",
        "1_Txt:tweet.20": "Feature #21 of tf-idf-based word embedding  (followed by dimensionality reduction to 50 dimensions) of 'tweet' [internal:(True, 1, 50)]",
        "1_Txt:tweet.47": "Feature #48 of tf-idf-based word embedding  (followed by dimensionality reduction to 50 dimensions) of 'tweet' [internal:(True, 1, 50)]",
        "1_Txt:tweet.19": "Feature #20 of tf-idf-based word embedding  (followed by dimensionality reduction to 50 dimensions) of 'tweet' [internal:(True, 1, 50)]",
        "1_Txt:tweet.23": "Feature #24 of tf-idf-based word embedding  (followed by dimensionality reduction to 50 dimensions) of 'tweet' [internal:(True, 1, 50)]",
        "1_Txt:tweet.28": "Feature #29 of tf-idf-based word embedding  (followed by dimensionality reduction to 50 dimensions) of 'tweet' [internal:(True, 1, 50)]",
        "1_Txt:tweet.48": "Feature #49 of tf-idf-based word embedding  (followed by dimensionality reduction to 50 dimensions) of 'tweet' [internal:(True, 1, 50)]",
        "1_Txt:tweet.43": "Feature #44 of tf-idf-based word embedding  (followed by dimensionality reduction to 50 dimensions) of 'tweet' [internal:(True, 1, 50)]",
        "1_Txt:tweet.9": "Feature #10 of tf-idf-based word embedding  (followed by dimensionality reduction to 50 dimensions) of 'tweet' [internal:(True, 1, 50)]",
        "1_Txt:tweet.36": "Feature #37 of tf-idf-based word embedding  (followed by dimensionality reduction to 50 dimensions) of 'tweet' [internal:(True, 1, 50)]",
        "1_Txt:tweet.35": "Feature #36 of tf-idf-based word embedding  (followed by dimensionality reduction to 50 dimensions) of 'tweet' [internal:(True, 1, 50)]",
        "1_Txt:tweet.41": "Feature #42 of tf-idf-based word embedding  (followed by dimensionality reduction to 50 dimensions) of 'tweet' [internal:(True, 1, 50)]",
        "1_Txt:tweet.33": "Feature #34 of tf-idf-based word embedding  (followed by dimensionality reduction to 50 dimensions) of 'tweet' [internal:(True, 1, 50)]",
        "1_Txt:tweet.37": "Feature #38 of tf-idf-based word embedding  (followed by dimensionality reduction to 50 dimensions) of 'tweet' [internal:(True, 1, 50)]",
        "4_TEXTCHARCNN_TE:tweet.0": "Predicted probabilities of class #1 based on TEXTCHARCNN model on text column ['tweet'] (embeddings trained from scratch), trained for 2 epochs",