{
    "Coefficient": {
        "1_Txt:tweet.0": 97.1687011719,
        "1_Txt:tweet.1": 155.6436004639,
        "1_Txt:tweet.10": 165.5513916016,
        "1_Txt:tweet.11": 131.7631988525,
        "1_Txt:tweet.12": 174.8027954102,
        "1_Txt:tweet.13": 347.0357971191,
        "1_Txt:tweet.14": 117.4448013306,
        "1_Txt:tweet.15": 118.7771987915,
        "1_Txt:tweet.16": 144.8626098633,
        "1_Txt:tweet.17": 142.2991943359,
        "1_Txt:tweet.18": 173.3591918945,
        "1_Txt:tweet.19": 221.3945922852,
        "1_Txt:tweet.2": 136.1508026123,
        "1_Txt:tweet.20": 224.5523986816,
        "1_Txt:tweet.21": 117.8946990967,
        "1_Txt:tweet.22": 118.1808013916,
        "1_Txt:tweet.23": 218.4559020996,
        "1_Txt:tweet.24": 142.9880065918,
        "1_Txt:tweet.25": 144.0610961914,
        "1_Txt:tweet.26": 112.2353057861,
        "1_Txt:tweet.27": 129.1225891113,
        "1_Txt:tweet.28": 210.2241973877,
        "1_Txt:tweet.29": 135.0732116699,
        "1_Txt:tweet.3": 125.7010040283,
        "1_Txt:tweet.30": 138.9627990723,
        "1_Txt:tweet.31": 156.4920043945,
        "1_Txt:tweet.32": 142.0296936035,
        "1_Txt:tweet.33": 177.0110015869,
        "1_Txt:tweet.34": 175.6614990234,
        "1_Txt:tweet.35": 196.0059051514,
        "1_Txt:tweet.36": 200.5854949951,
        "1_Txt:tweet.37": 176.8525085449,
        "1_Txt:tweet.38": 148.686706543,
        "1_Txt:tweet.39": 127.2466049194,
        "1_Txt:tweet.4": 127.051902771,
        "1_Txt:tweet.40": 123.6613922119,
        "1_Txt:tweet.41": 178.5823974609,
        "1_Txt:tweet.42": 130.5581970215,
        "1_Txt:tweet.43": 203.5572052002,
        "1_Txt:tweet.44": 111.8676986694,
        "1_Txt:tweet.45": 101.5168991089,
        "1_Txt:tweet.46": 157.9436950684,
        "1_Txt:tweet.47": 221.4833984375,
        "1_Txt:tweet.48": 208.7700958252,
        "1_Txt:tweet.49": 124.0363998413,
        "1_Txt:tweet.5": 123.9882965088,
        "1_Txt:tweet.6": 130.4069061279,
        "1_Txt:tweet.7": 370.0490112305,
        "1_Txt:tweet.8": 228.0487976074,
        "1_Txt:tweet.9": 203.2893981934,
        "2_TEXTBIGRU_TE:tweet.0": 100.5977020264,
        "2_TEXTBIGRU_TE:tweet.1": 78.653503418,
        "2_TEXTBIGRU_TE:tweet.2": 131.8131103516,
        "3_TEXTCNN_TE:tweet.0": 237.2015075684,
        "3_TEXTCNN_TE:tweet.1": 114.058303833,
        "3_TEXTCNN_TE:tweet.2": 135.9078063965,
        "4_TEXTCHARCNN_TE:tweet.0": 176.5235900879,
        "4_TEXTCHARCNN_TE:tweet.1": 109.047996521,
        "4_TEXTCHARCNN_TE:tweet.2": 108.2023010254
    },
    "Standard Deviation of Coefficient": {
        "1_Txt:tweet.0": 2.9657218456,
        "1_Txt:tweet.1": 5.3196172714,
        "1_Txt:tweet.10": 25.6484909058,
        "1_Txt:tweet.11": 19.42786026,
        "1_Txt:tweet.12": 13.3947181702,
        "1_Txt:tweet.13": 38.8255310059,
        "1_Txt:tweet.14": 15.2168273926,
        "1_Txt:tweet.15": 8.1429758072,
        "1_Txt:tweet.16": 7.2252721786,
        "1_Txt:tweet.17": 4.7293949127,
        "1_Txt:tweet.18": 32.3760223389,
        "1_Txt:tweet.19": 45.5382537842,
        "1_Txt:tweet.2": 11.7510242462,
        "1_Txt:tweet.20": 13.6216049194,
        "1_Txt:tweet.21": 4.5642457008,
        "1_Txt:tweet.22": 9.1922626495,
        "1_Txt:tweet.23": 26.6559562683,
        "1_Txt:tweet.24": 14.4442996979,
        "1_Txt:tweet.25": 4.4639406204,
        "1_Txt:tweet.26": 7.369831562,
        "1_Txt:tweet.27": 10.0519971848,
        "1_Txt:tweet.28": 34.2720031738,
        "1_Txt:tweet.29": 19.8672428131,
        "1_Txt:tweet.3": 10.522851944,
        "1_Txt:tweet.30": 12.596830368,
        "1_Txt:tweet.31": 4.4573988914,
        "1_Txt:tweet.32": 19.2927436829,
        "1_Txt:tweet.33": 23.9235248566,
        "1_Txt:tweet.34": 38.4545249939,
        "1_Txt:tweet.35": 12.5134658813,
        "1_Txt:tweet.36": 26.7642822266,
        "1_Txt:tweet.37": 15.9803676605,
        "1_Txt:tweet.38": 17.3089523315,
        "1_Txt:tweet.39": 13.2986316681,
        "1_Txt:tweet.4": 7.3912119865,
        "1_Txt:tweet.40": 7.0284628868,
        "1_Txt:tweet.41": 4.7174453735,
        "1_Txt:tweet.42": 16.3362998962,
        "1_Txt:tweet.43": 69.5802383423,
        "1_Txt:tweet.44": 13.6235942841,
        "1_Txt:tweet.45": 4.6334238052,
        "1_Txt:tweet.46": 13.0324678421,
        "1_Txt:tweet.47": 29.9325065613,
        "1_Txt:tweet.48": 56.6228637695,
        "1_Txt:tweet.49": 8.4310894012,
        "1_Txt:tweet.5": 12.0654067993,
        "1_Txt:tweet.6": 19.2707557678,
        "1_Txt:tweet.7": 93.1713943481,
        "1_Txt:tweet.8": 42.9199714661,
        "1_Txt:tweet.9": 35.1323661804,
        "2_TEXTBIGRU_TE:tweet.0": 9.1745901108,
        "2_TEXTBIGRU_TE:tweet.1": 4.4444766045,
        "2_TEXTBIGRU_TE:tweet.2": 8.8543519974,
        "3_TEXTCNN_TE:tweet.0": 36.7928504944,
        "3_TEXTCNN_TE:tweet.1": 3.1962361336,
        "3_TEXTCNN_TE:tweet.2": 14.218503952,
        "4_TEXTCHARCNN_TE:tweet.0": 3.517513752,
        "4_TEXTCHARCNN_TE:tweet.1": 7.4299502373,
        "4_TEXTCHARCNN_TE:tweet.2": 18.7259292603
    },
    "Description": {
        "1_Txt:tweet.0": "Feature #1 of tf-idf-based word embedding  (followed by dimensionality reduction to 50 dimensions) of 'tweet' [internal:(True, 1, 50)]",
        "1_Txt:tweet.1": "Feature #2 of tf-idf-based word embedding  (followed by dimensionality reduction to 50 dimensions) of 'tweet' [internal:(True, 1, 50)]",
        "1_Txt:tweet.10": "Feature #11 of tf-idf-based word embedding  (followed by dimensionality reduction to 50 dimensions) of 'tweet' [internal:(True, 1, 50)]",
        "1_Txt:tweet.11": "Feature #12 of tf-idf-based word embedding  (followed by dimensionality reduction to 50 dimensions) of 'tweet' [internal:(True, 1, 50)]",
        "1_Txt:tweet.12": "Feature #13 of tf-idf-based word embedding  (followed by dimensionality reduction to 50 dimensions) of 'tweet' [internal:(True, 1, 50)]",
        "1_Txt:tweet.13": "Feature #14 of tf-idf-based word embedding  (followed by dimensionality reduction to 50 dimensions) of 'tweet' [internal:(True, 1, 50)]",
        "1_Txt:tweet.14": "Feature #15 of tf-idf-based word embedding  (followed by dimensionality reduction to 50 dimensions) of 'tweet' [internal:(True, 1, 50)]",
        "1_Txt:tweet.15": "Feature #16 of tf-idf-based word embedding  (followed by dimensionality reduction to 50 dimensions) of 'tweet' [internal:(True, 1, 50)]",
        "1_Txt:tweet.16": "Feature #17 of tf-idf-based word embedding  (followed by dimensionality reduction to 50 dimensions) of 'tweet' [internal:(True, 1, 50)]",
        "1_Txt:tweet.17": "Feature #18 of tf-idf-based word embedding  (followed by dimensionality reduction to 50 dimensions) of 'tweet' [internal:(True, 1, 50)]",
        "1_Txt:tweet.18": "Feature #19 of tf-idf-based word embedding  (followed by dimensionality reduction to 50 dimensions) of 'tweet' [internal:(True, 1, 50)]",
        "1_Txt:tweet.19": "Feature #20 of tf-idf-based word embedding  (followed by dimensionality reduction to 50 dimensions) of 'tweet' [internal:(True, 1, 50)]",
        "1_Txt:tweet.2": "Feature #3 of tf-idf-based word embedding  (followed by dimensionality reduction to 50 dimensions) of 'tweet' [internal:(True, 1, 50)]",
        "1_Txt:tweet.20": "Feature #21 of tf-idf-based word embedding  (followed by dimensionality reduction to 50 dimensions) of 'tweet' [internal:(True, 1, 50)]",
        "1_Txt:tweet.21": "Feature #22 of tf-idf-based word embedding  (followed by dimensionality reduction to 50 dimensions) of 'tweet' [internal:(True, 1, 50)]",
        "1_Txt:tweet.22": "Feature #23 of tf-idf-based word embedding  (followed by dimensionality reduction to 50 dimensions) of 'tweet' [internal:(True, 1, 50)]",
        "1_Txt:tweet.23": "Feature #24 of tf-idf-based word embedding  (followed by dimensionality reduction to 50 dimensions) of 'tweet' [internal:(True, 1, 50)]",