{
    "gain": {
        "0.01": 0.0287730727,
        "0.02": 0.0575461455,
        "0.03": 0.0863192182,
        "0.04": 0.1140065147,
        "0.05": 0.1422366992,
        "0.1": 0.2779587405,
        "0.15": 0.4120521173,
        "0.2": 0.5477741585,
        "0.3": 0.7980456026,
        "0.4": 0.9087947883,
        "0.5": 0.937567861,
        "0.6": 0.9560260586,
        "0.7": 0.9771986971,
        "0.8": 0.9913137894,
        "0.9": 0.9961997828,
        "1.0": 1.0
    },
    "lift": {
        "0.01": 2.8773072747,
        "0.02": 2.8773072747,
        "0.03": 2.8773072747,
        "0.04": 2.8501628664,
        "0.05": 2.8447339848,
        "0.1": 2.779587405,
        "0.15": 2.7470141151,
        "0.2": 2.7388707926,
        "0.3": 2.6601520087,
        "0.4": 2.2719869707,
        "0.5": 1.875135722,
        "0.6": 1.5933767644,
        "0.7": 1.3959981387,
        "0.8": 1.2391422367,
        "0.9": 1.1068886476,
        "1.0": 1.0
    },
    "k-s": {
        "0.01": 0.0285016287,
        "0.02": 0.0570032573,
        "0.03": 0.0846905537,
        "0.04": 0.1115635179,
        "0.05": 0.1384364821,
        "0.1": 0.2671009772,
        "0.15": 0.3933224756,
        "0.2": 0.5219869707,
        "0.3": 0.7475570033,
        "0.4": 0.7638436482,
        "0.5": 0.6563517915,
        "0.6": 0.5342019544,
        "0.7": 0.4161237785,
        "0.8": 0.2874592834,
        "0.9": 0.1449511401,
        "1.0": 0.0
    }
}