{
    "Relative Importance": {
        "1_Txt:tweet.7": 1.0,
        "1_Txt:tweet.13": 0.7177499533,
        "1_Txt:tweet.12": 0.6298921704,
        "4_TEXTCHARCNN_TE:tweet.0": 0.5991863608,
        "3_TEXTCNN_TE:tweet.0": 0.5420696139,
        "1_Txt:tweet.18": 0.5128698945,
        "1_Txt:tweet.8": 0.5076410174,
        "1_Txt:tweet.30": 0.4984053075,
        "1_Txt:tweet.36": 0.4947455823,
        "1_Txt:tweet.48": 0.4866188765,
        "1_Txt:tweet.9": 0.4854446054,
        "1_Txt:tweet.23": 0.4741947353,
        "1_Txt:tweet.43": 0.4577527642,
        "3_TEXTCNN_TE:tweet.2": 0.4446632862,
        "1_Txt:tweet.41": 0.4445803165,
        "1_Txt:tweet.17": 0.4415246546,
        "1_Txt:tweet.37": 0.4331688583,
        "1_Txt:tweet.35": 0.4303593338,
        "1_Txt:tweet.29": 0.429892838,
        "1_Txt:tweet.19": 0.4293278754,
        "1_Txt:tweet.49": 0.4260638058,
        "1_Txt:tweet.33": 0.4180603027,
        "1_Txt:tweet.32": 0.4163718522,
        "1_Txt:tweet.42": 0.4156793356,
        "1_Txt:tweet.34": 0.4098843634,
        "4_TEXTCHARCNN_TE:tweet.2": 0.4046271443,
        "1_Txt:tweet.47": 0.404463172,
        "1_Txt:tweet.27": 0.399094224,
        "1_Txt:tweet.1": 0.3954069912,
        "1_Txt:tweet.21": 0.3901537359,
        "1_Txt:tweet.15": 0.3863441646,
        "1_Txt:tweet.31": 0.3851258457,
        "1_Txt:tweet.25": 0.3841073513,
        "1_Txt:tweet.14": 0.3754824996,
        "1_Txt:tweet.45": 0.3715778291,
        "1_Txt:tweet.3": 0.3646855652,
        "2_TEXTBIGRU_TE:tweet.0": 0.3561013937,
        "1_Txt:tweet.4": 0.3514223695,
        "1_Txt:tweet.6": 0.3511109948,
        "1_Txt:tweet.20": 0.3507978618,
        "1_Txt:tweet.16": 0.3489185572,
        "1_Txt:tweet.39": 0.3453496397,
        "1_Txt:tweet.10": 0.341249615,
        "1_Txt:tweet.0": 0.3316429257,
        "1_Txt:tweet.40": 0.3296990693,
        "1_Txt:tweet.24": 0.3257357776,
        "1_Txt:tweet.46": 0.3203774989,
        "4_TEXTCHARCNN_TE:tweet.1": 0.3192304075,
        "1_Txt:tweet.38": 0.317678839,
        "1_Txt:tweet.28": 0.3148066103,
        "1_Txt:tweet.26": 0.3081578016,
        "2_TEXTBIGRU_TE:tweet.2": 0.3041072488,
        "3_TEXTCNN_TE:tweet.1": 0.2985654175,
        "1_Txt:tweet.44": 0.2958977818,
        "1_Txt:tweet.22": 0.2943560183,
        "1_Txt:tweet.5": 0.2754326165,
        "2_TEXTBIGRU_TE:tweet.1": 0.2692038715,
        "1_Txt:tweet.2": 0.2670862675,
        "1_Txt:tweet.11": 0.2591008544
    },
    "Standard Deviation of Relative Importance": {
        "1_Txt:tweet.7": 0.0,
        "1_Txt:tweet.13": 0.0,
        "1_Txt:tweet.12": 0.0,
        "4_TEXTCHARCNN_TE:tweet.0": 0.0,
        "3_TEXTCNN_TE:tweet.0": 0.0,
        "1_Txt:tweet.18": 0.0,
        "1_Txt:tweet.8": 0.0,
        "1_Txt:tweet.30": 0.0,
        "1_Txt:tweet.36": 0.0,
        "1_Txt:tweet.48": 0.0,
        "1_Txt:tweet.9": 0.0,
        "1_Txt:tweet.23": 0.0,
        "1_Txt:tweet.43": 0.0,
        "3_TEXTCNN_TE:tweet.2": 0.0,
        "1_Txt:tweet.41": 0.0,
        "1_Txt:tweet.17": 0.0,
        "1_Txt:tweet.37": 0.0,
        "1_Txt:tweet.35": 0.0,
        "1_Txt:tweet.29": 0.0,
        "1_Txt:tweet.19": 0.0,
        "1_Txt:tweet.49": 0.0,
        "1_Txt:tweet.33": 0.0,
        "1_Txt:tweet.32": 0.0,
        "1_Txt:tweet.42": 0.0,
        "1_Txt:tweet.34": 0.0,
        "4_TEXTCHARCNN_TE:tweet.2": 0.0,
        "1_Txt:tweet.47": 0.0,
        "1_Txt:tweet.27": 0.0,
        "1_Txt:tweet.1": 0.0,
        "1_Txt:tweet.21": 0.0,
        "1_Txt:tweet.15": 0.0,
        "1_Txt:tweet.31": 0.0,
        "1_Txt:tweet.25": 0.0,
        "1_Txt:tweet.14": 0.0,
        "1_Txt:tweet.45": 0.0,
        "1_Txt:tweet.3": 0.0,
        "2_TEXTBIGRU_TE:tweet.0": 0.0,
        "1_Txt:tweet.4": 0.0,
        "1_Txt:tweet.6": 0.0,
        "1_Txt:tweet.20": 0.0,
        "1_Txt:tweet.16": 0.0,
        "1_Txt:tweet.39": 0.0,
        "1_Txt:tweet.10": 0.0,
        "1_Txt:tweet.0": 0.0,
        "1_Txt:tweet.40": 0.0,
        "1_Txt:tweet.24": 0.0,
        "1_Txt:tweet.46": 0.0,
        "4_TEXTCHARCNN_TE:tweet.1": 0.0,
        "1_Txt:tweet.38": 0.0,
        "1_Txt:tweet.28": 0.0,
        "1_Txt:tweet.26": 0.0,
        "2_TEXTBIGRU_TE:tweet.2": 0.0,
        "3_TEXTCNN_TE:tweet.1": 0.0,
        "1_Txt:tweet.44": 0.0,
        "1_Txt:tweet.22": 0.0,
        "1_Txt:tweet.5": 0.0,
        "2_TEXTBIGRU_TE:tweet.1": 0.0,
        "1_Txt:tweet.2": 0.0,
        "1_Txt:tweet.11": 0.0
    },
    "Description": {
        "1_Txt:tweet.7": "Feature #8 of tf-idf-based word embedding  (followed by dimensionality reduction to 50 dimensions) of 'tweet'",
        "1_Txt:tweet.13": "Feature #14 of tf-idf-based word embedding  (followed by dimensionality reduction to 50 dimensions) of 'tweet'",
        "1_Txt:tweet.12": "Feature #13 of tf-idf-based word embedding  (followed by dimensionality reduction to 50 dimensions) of 'tweet'",
        "4_TEXTCHARCNN_TE:tweet.0": "Predicted probabilities of class #1 based on TEXTCHARCNN model on text column ['tweet'] (embeddings trained from scratch), trained for 2 epochs",
        "3_TEXTCNN_TE:tweet.0": "Predicted probabilities of class #1 based on TEXTCNN model on text column ['tweet'] (embeddings trained from scratch), trained for 2 epochs",
        "1_Txt:tweet.18": "Feature #19 of tf-idf-based word embedding  (followed by dimensionality reduction to 50 dimensions) of 'tweet'",
        "1_Txt:tweet.8": "Feature #9 of tf-idf-based word embedding  (followed by dimensionality reduction to 50 dimensions) of 'tweet'",
        "1_Txt:tweet.30": "Feature #31 of tf-idf-based word embedding  (followed by dimensionality reduction to 50 dimensions) of 'tweet'",
        "1_Txt:tweet.36": "Feature #37 of tf-idf-based word embedding  (followed by dimensionality reduction to 50 dimensions) of 'tweet'",
        "1_Txt:tweet.48": "Feature #49 of tf-idf-based word embedding  (followed by dimensionality reduction to 50 dimensions) of 'tweet'",
        "1_Txt:tweet.9": "Feature #10 of tf-idf-based word embedding  (followed by dimensionality reduction to 50 dimensions) of 'tweet'",
        "1_Txt:tweet.23": "Feature #24 of tf-idf-based word embedding  (followed by dimensionality reduction to 50 dimensions) of 'tweet'",
        "1_Txt:tweet.43": "Feature #44 of tf-idf-based word embedding  (followed by dimensionality reduction to 50 dimensions) of 'tweet'",
        "3_TEXTCNN_TE:tweet.2": "Predicted probabilities of class #3 based on TEXTCNN model on text column ['tweet'] (embeddings trained from scratch), trained for 2 epochs",
        "1_Txt:tweet.41": "Feature #42 of tf-idf-based word embedding  (followed by dimensionality reduction to 50 dimensions) of 'tweet'",
        "1_Txt:tweet.17": "Feature #18 of tf-idf-based word embedding  (followed by dimensionality reduction to 50 dimensions) of 'tweet'",
        "1_Txt:tweet.37": "Feature #38 of tf-idf-based word embedding  (followed by dimensionality reduction to 50 dimensions) of 'tweet'",
        "1_Txt:tweet.35": "Feature #36 of tf-idf-based word embedding  (followed by dimensionality reduction to 50 dimensions) of 'tweet'",
        "1_Txt:tweet.29": "Feature #30 of tf-idf-based word embedding  (followed by dimensionality reduction to 50 dimensions) of 'tweet'",
        "1_Txt:tweet.19": "Feature #20 of tf-idf-based word embedding  (followed by dimensionality reduction to 50 dimensions) of 'tweet'",
        "1_Txt:tweet.49": "Feature #50 of tf-idf-based word embedding  (followed by dimensionality reduction to 50 dimensions) of 'tweet'",
        "1_Txt:tweet.33": "Feature #34 of tf-idf-based word embedding  (followed by dimensionality reduction to 50 dimensions) of 'tweet'",
        "1_Txt:tweet.32": "Feature #33 of tf-idf-based word embedding  (followed by dimensionality reduction to 50 dimensions) of 'tweet'",
        "1_Txt:tweet.42": "Feature #43 of tf-idf-based word embedding  (followed by dimensionality reduction to 50 dimensions) of 'tweet'",