{
    "Coefficient": {
        "1_Txt:tweet.0": 97.1687011719,
        "1_Txt:tweet.1": 155.6436004639,
        "1_Txt:tweet.10": 165.5513916016,
        "1_Txt:tweet.11": 131.7631988525,
        "1_Txt:tweet.12": 174.8027954102,
        "1_Txt:tweet.13": 347.0357971191,
        "1_Txt:tweet.14": 117.4448013306,
        "1_Txt:tweet.15": 118.7771987915,
        "1_Txt:tweet.16": 144.8626098633,
        "1_Txt:tweet.17": 142.2991943359,
        "1_Txt:tweet.18": 173.3591918945,
        "1_Txt:tweet.19": 221.3945922852,
        "1_Txt:tweet.2": 136.1508026123,
        "1_Txt:tweet.20": 224.5523986816,
        "1_Txt:tweet.21": 117.8946990967,
        "1_Txt:tweet.22": 118.1808013916,
        "1_Txt:tweet.23": 218.4559020996,
        "1_Txt:tweet.24": 142.9880065918,
        "1_Txt:tweet.25": 144.0610961914,
        "1_Txt:tweet.26": 112.2353057861,
        "1_Txt:tweet.27": 129.1225891113,
        "1_Txt:tweet.28": 210.2241973877,
        "1_Txt:tweet.29": 135.0732116699,
        "1_Txt:tweet.3": 125.7010040283,
        "1_Txt:tweet.30": 138.9627990723,
        "1_Txt:tweet.31": 156.4920043945,
        "1_Txt:tweet.32": 142.0296936035,
        "1_Txt:tweet.33": 177.0110015869,
        "1_Txt:tweet.34": 175.6614990234,
        "1_Txt:tweet.35": 196.0059051514,
        "1_Txt:tweet.36": 200.5854949951,
        "1_Txt:tweet.37": 176.8525085449,
        "1_Txt:tweet.38": 148.686706543,
        "1_Txt:tweet.39": 127.2466049194,
        "1_Txt:tweet.4": 127.051902771,
        "1_Txt:tweet.40": 123.6613922119,
        "1_Txt:tweet.41": 178.5823974609,
        "1_Txt:tweet.42": 130.5581970215,
        "1_Txt:tweet.43": 203.5572052002,
        "1_Txt:tweet.44": 111.8676986694,
        "1_Txt:tweet.45": 101.5168991089,
        "1_Txt:tweet.46": 157.9436950684,
        "1_Txt:tweet.47": 221.4833984375,
        "1_Txt:tweet.48": 208.7700958252,
        "1_Txt:tweet.49": 124.0363998413,
        "1_Txt:tweet.5": 123.9882965088,
        "1_Txt:tweet.6": 130.4069061279,
        "1_Txt:tweet.7": 370.0490112305,
        "1_Txt:tweet.8": 228.0487976074,
        "1_Txt:tweet.9": 203.2893981934,
        "2_TEXTBIGRU_TE:tweet.0": 100.5977020264,
        "2_TEXTBIGRU_TE:tweet.1": 78.653503418,
        "2_TEXTBIGRU_TE:tweet.2": 131.8131103516,
        "3_TEXTCNN_TE:tweet.0": 237.2015075684,
        "3_TEXTCNN_TE:tweet.1": 114.058303833,
        "3_TEXTCNN_TE:tweet.2": 135.9078063965,
        "4_TEXTCHARCNN_TE:tweet.0": 176.5235900879,
        "4_TEXTCHARCNN_TE:tweet.1": 109.047996521,
        "4_TEXTCHARCNN_TE:tweet.2": 108.2023010254
    },
    "Shift of Coefficient": {
        "1_Txt:tweet.0": -102.6661987305,
        "1_Txt:tweet.1": -82.6130065918,
        "1_Txt:tweet.10": -40.0721130371,
        "1_Txt:tweet.11": -24.3607177734,
        "1_Txt:tweet.12": -204.745300293,
        "1_Txt:tweet.13": -85.4519042969,
        "1_Txt:tweet.14": -108.806098938,
        "1_Txt:tweet.15": -114.0185012817,
        "1_Txt:tweet.16": -65.3818969727,
        "1_Txt:tweet.17": -123.74609375,
        "1_Txt:tweet.18": -135.6759033203,
        "1_Txt:tweet.19": -37.3013916016,
        "1_Txt:tweet.2": -24.7848052979,
        "1_Txt:tweet.20": 13.175491333,
        "1_Txt:tweet.21": -117.1965026855,
        "1_Txt:tweet.22": -59.1864929199,
        "1_Txt:tweet.23": -67.2750854492,
        "1_Txt:tweet.24": -53.2874908447,
        "1_Txt:tweet.25": -87.3867950439,
        "1_Txt:tweet.26": -73.4483947754,
        "1_Txt:tweet.27": -111.3558044434,
        "1_Txt:tweet.28": 20.5341949463,
        "1_Txt:tweet.29": -123.9631958008,
        "1_Txt:tweet.3": -94.0440826416,
        "1_Txt:tweet.30": -161.3565063477,
        "1_Txt:tweet.31": -75.5695953369,
        "1_Txt:tweet.32": -108.8595123291,
        "1_Txt:tweet.33": -74.8955993652,
        "1_Txt:tweet.34": -71.3186035156,
        "1_Txt:tweet.35": -63.3115997314,
        "1_Txt:tweet.36": -97.5286102295,
        "1_Txt:tweet.37": -84.1578979492,
        "1_Txt:tweet.38": -42.7339935303,
        "1_Txt:tweet.39": -80.8474197388,
        "1_Txt:tweet.4": -84.7013015747,
        "1_Txt:tweet.40": -75.0022125244,
        "1_Txt:tweet.41": -89.304107666,
        "1_Txt:tweet.42": -119.9137115479,
        "1_Txt:tweet.43": -72.266494751,
        "1_Txt:tweet.44": -66.4285964966,
        "1_Txt:tweet.45": -122.3812026978,
        "1_Txt:tweet.46": -35.1031036377,
        "1_Txt:tweet.47": -22.2301025391,
        "1_Txt:tweet.48": -84.4471893311,
        "1_Txt:tweet.49": -132.692779541,
        "1_Txt:tweet.5": -41.9765014648,
        "1_Txt:tweet.6": -81.1586914062,
        "1_Txt:tweet.7": -232.5114135742,
        "1_Txt:tweet.8": -77.8356018066,
        "1_Txt:tweet.9": -89.2203063965,
        "2_TEXTBIGRU_TE:tweet.0": -113.974899292,
        "2_TEXTBIGRU_TE:tweet.1": -83.55809021,
        "2_TEXTBIGRU_TE:tweet.2": -51.4298858643,
        "3_TEXTCNN_TE:tweet.0": -89.4281921387,
        "3_TEXTCNN_TE:tweet.1": -65.8453979492,
        "3_TEXTCNN_TE:tweet.2": -132.0286865234,
        "4_TEXTCHARCNN_TE:tweet.0": -184.5223999023,
        "4_TEXTCHARCNN_TE:tweet.1": -83.3076095581,
        "4_TEXTCHARCNN_TE:tweet.2": -135.6100006104
    },
    "Description": {
        "1_Txt:tweet.0": "Feature #1 of tf-idf-based word embedding  (followed by dimensionality reduction to 50 dimensions) of 'tweet' [internal:(True, 1, 50)]",
        "1_Txt:tweet.1": "Feature #2 of tf-idf-based word embedding  (followed by dimensionality reduction to 50 dimensions) of 'tweet' [internal:(True, 1, 50)]",
        "1_Txt:tweet.10": "Feature #11 of tf-idf-based word embedding  (followed by dimensionality reduction to 50 dimensions) of 'tweet' [internal:(True, 1, 50)]",
        "1_Txt:tweet.11": "Feature #12 of tf-idf-based word embedding  (followed by dimensionality reduction to 50 dimensions) of 'tweet' [internal:(True, 1, 50)]",
        "1_Txt:tweet.12": "Feature #13 of tf-idf-based word embedding  (followed by dimensionality reduction to 50 dimensions) of 'tweet' [internal:(True, 1, 50)]",
        "1_Txt:tweet.13": "Feature #14 of tf-idf-based word embedding  (followed by dimensionality reduction to 50 dimensions) of 'tweet' [internal:(True, 1, 50)]",
        "1_Txt:tweet.14": "Feature #15 of tf-idf-based word embedding  (followed by dimensionality reduction to 50 dimensions) of 'tweet' [internal:(True, 1, 50)]",
        "1_Txt:tweet.15": "Feature #16 of tf-idf-based word embedding  (followed by dimensionality reduction to 50 dimensions) of 'tweet' [internal:(True, 1, 50)]",
        "1_Txt:tweet.16": "Feature #17 of tf-idf-based word embedding  (followed by dimensionality reduction to 50 dimensions) of 'tweet' [internal:(True, 1, 50)]",
        "1_Txt:tweet.17": "Feature #18 of tf-idf-based word embedding  (followed by dimensionality reduction to 50 dimensions) of 'tweet' [internal:(True, 1, 50)]",
        "1_Txt:tweet.18": "Feature #19 of tf-idf-based word embedding  (followed by dimensionality reduction to 50 dimensions) of 'tweet' [internal:(True, 1, 50)]",
        "1_Txt:tweet.19": "Feature #20 of tf-idf-based word embedding  (followed by dimensionality reduction to 50 dimensions) of 'tweet' [internal:(True, 1, 50)]",
        "1_Txt:tweet.2": "Feature #3 of tf-idf-based word embedding  (followed by dimensionality reduction to 50 dimensions) of 'tweet' [internal:(True, 1, 50)]",
        "1_Txt:tweet.20": "Feature #21 of tf-idf-based word embedding  (followed by dimensionality reduction to 50 dimensions) of 'tweet' [internal:(True, 1, 50)]",
        "1_Txt:tweet.21": "Feature #22 of tf-idf-based word embedding  (followed by dimensionality reduction to 50 dimensions) of 'tweet' [internal:(True, 1, 50)]",
        "1_Txt:tweet.22": "Feature #23 of tf-idf-based word embedding  (followed by dimensionality reduction to 50 dimensions) of 'tweet' [internal:(True, 1, 50)]",
        "1_Txt:tweet.23": "Feature #24 of tf-idf-based word embedding  (followed by dimensionality reduction to 50 dimensions) of 'tweet' [internal:(True, 1, 50)]",