{
    "gain": {
        "0.01": 0.0291139241,
        "0.02": 0.0544303797,
        "0.03": 0.0835443038,
        "0.04": 0.1126582278,
        "0.05": 0.1417721519,
        "0.1": 0.282278481,
        "0.15": 0.4189873418,
        "0.2": 0.5582278481,
        "0.3": 0.8126582278,
        "0.4": 0.9202531646,
        "0.5": 0.9405063291,
        "0.6": 0.9670886076,
        "0.7": 0.9797468354,
        "0.8": 0.9924050633,
        "0.9": 0.9974683544,
        "1.0": 1.0
    },
    "lift": {
        "0.01": 2.9113924051,
        "0.02": 2.7215189873,
        "0.03": 2.7848101266,
        "0.04": 2.8164556962,
        "0.05": 2.835443038,
        "0.1": 2.8227848101,
        "0.15": 2.7932489451,
        "0.2": 2.7911392405,
        "0.3": 2.7088607595,
        "0.4": 2.3006329114,
        "0.5": 1.8810126582,
        "0.6": 1.611814346,
        "0.7": 1.3996383363,
        "0.8": 1.2405063291,
        "0.9": 1.1082981716,
        "1.0": 1.0
    },
    "k-s": {
        "0.01": 0.0291139241,
        "0.02": 0.0518987342,
        "0.03": 0.0803797468,
        "0.04": 0.1094936709,
        "0.05": 0.1379746835,
        "0.1": 0.2734177215,
        "0.15": 0.4037974684,
        "0.2": 0.5373417722,
        "0.3": 0.7689873418,
        "0.4": 0.7803797468,
        "0.5": 0.6607594937,
        "0.6": 0.5506329114,
        "0.7": 0.4196202532,
        "0.8": 0.2886075949,
        "0.9": 0.1462025316,
        "1.0": 0.0
    }
}