{
    "Coefficient": {
        "10_CVTE:tweet.0": 0.448097527,
        "10_CVTE:tweet.1": 0.4576405883,
        "10_CVTE:tweet.2": 0.2314913124,
        "11_TEXTCHARCNN_TE:tweet.0": 1.1421386003,
        "11_TEXTCHARCNN_TE:tweet.1": 0.985499382,
        "11_TEXTCHARCNN_TE:tweet.2": 0.8007628918,
        "12_TEXTCNN_TE:tweet.0": 2.2484977245,
        "12_TEXTCNN_TE:tweet.1": 1.6571729183,
        "12_TEXTCNN_TE:tweet.2": 0.8937133551,
        "1_Txt:tweet.0": 2.4020648003,
        "1_Txt:tweet.1": 3.0655834675,
        "1_Txt:tweet.10": 3.1268610954,
        "1_Txt:tweet.11": 1.3960028887,
        "1_Txt:tweet.12": 3.3826141357,
        "1_Txt:tweet.13": 2.3065686226,
        "1_Txt:tweet.14": 1.6354753971,
        "1_Txt:tweet.15": 3.114256382,
        "1_Txt:tweet.16": 2.4269073009,
        "1_Txt:tweet.17": 2.4529082775,
        "1_Txt:tweet.18": 2.5338354111,
        "1_Txt:tweet.19": 1.6852315664,
        "1_Txt:tweet.2": 2.3824160099,
        "1_Txt:tweet.20": 2.6518061161,
        "1_Txt:tweet.21": 2.4133656025,
        "1_Txt:tweet.22": 1.8173156977,
        "1_Txt:tweet.23": 2.5785479546,
        "1_Txt:tweet.24": 2.8480072021,
        "1_Txt:tweet.25": 2.4383115768,
        "1_Txt:tweet.26": 2.9761447906,
        "1_Txt:tweet.27": 2.3171386719,
        "1_Txt:tweet.28": 2.1076369286,
        "1_Txt:tweet.29": 2.4991674423,
        "1_Txt:tweet.3": 2.7568027973,
        "1_Txt:tweet.30": 2.6839001179,
        "1_Txt:tweet.31": 1.7629307508,
        "1_Txt:tweet.32": 2.3179447651,
        "1_Txt:tweet.33": 2.6807234287,
        "1_Txt:tweet.34": 1.6161906719,
        "1_Txt:tweet.35": 2.5489549637,
        "1_Txt:tweet.36": 2.7144551277,
        "1_Txt:tweet.37": 1.8360871077,
        "1_Txt:tweet.38": 2.078687191,
        "1_Txt:tweet.39": 1.5716043711,
        "1_Txt:tweet.4": 2.2669000626,
        "1_Txt:tweet.40": 2.4280188084,
        "1_Txt:tweet.41": 1.8733928204,
        "1_Txt:tweet.42": 2.3531591892,
        "1_Txt:tweet.43": 1.459697485,
        "1_Txt:tweet.44": 1.9089123011,
        "1_Txt:tweet.45": 2.1278500557,
        "1_Txt:tweet.46": 2.3379786015,
        "1_Txt:tweet.47": 2.0462017059,
        "1_Txt:tweet.48": 2.5706474781,
        "1_Txt:tweet.49": 1.9039366245,
        "1_Txt:tweet.5": 4.0918507576,
        "1_Txt:tweet.6": 2.5170819759,
        "1_Txt:tweet.7": 3.1265566349,
        "1_Txt:tweet.8": 1.4883601665,
        "1_Txt:tweet.9": 2.258002758,
        "8_TEXTBIGRU_TE:tweet.0": 1.3311430216,
        "8_TEXTBIGRU_TE:tweet.1": 1.8144005537,
        "8_TEXTBIGRU_TE:tweet.2": 1.260035038,
        "9_Freq:tweet": 0.0031693052
    },
    "Standard Deviation of Coefficient": {
        "10_CVTE:tweet.0": 0.0681985095,
        "10_CVTE:tweet.1": 0.0922558308,
        "10_CVTE:tweet.2": 0.0326182544,
        "11_TEXTCHARCNN_TE:tweet.0": 0.08361274,
        "11_TEXTCHARCNN_TE:tweet.1": 0.0971460789,
        "11_TEXTCHARCNN_TE:tweet.2": 0.0764841065,
        "12_TEXTCNN_TE:tweet.0": 0.2684633732,
        "12_TEXTCNN_TE:tweet.1": 0.1760590523,
        "12_TEXTCNN_TE:tweet.2": 0.065518409,
        "1_Txt:tweet.0": 0.0842040032,
        "1_Txt:tweet.1": 0.2049180418,
        "1_Txt:tweet.10": 0.2726927698,
        "1_Txt:tweet.11": 0.0971642137,
        "1_Txt:tweet.12": 0.2400211841,
        "1_Txt:tweet.13": 0.1573736966,
        "1_Txt:tweet.14": 0.0829865113,
        "1_Txt:tweet.15": 0.2944701016,
        "1_Txt:tweet.16": 0.1754986644,
        "1_Txt:tweet.17": 0.2604950666,
        "1_Txt:tweet.18": 0.2914747894,
        "1_Txt:tweet.19": 0.132998839,
        "1_Txt:tweet.2": 0.2222520262,
        "1_Txt:tweet.20": 0.2214332968,
        "1_Txt:tweet.21": 0.3039944172,
        "1_Txt:tweet.22": 0.0760389268,
        "1_Txt:tweet.23": 0.2894816995,
        "1_Txt:tweet.24": 0.2790233493,
        "1_Txt:tweet.25": 0.3073162436,
        "1_Txt:tweet.26": 0.1783115566,
        "1_Txt:tweet.27": 0.1670530289,
        "1_Txt:tweet.28": 0.27686131,
        "1_Txt:tweet.29": 0.2103444785,
        "1_Txt:tweet.3": 0.1089335382,
        "1_Txt:tweet.30": 0.3492493033,
        "1_Txt:tweet.31": 0.1583030075,
        "1_Txt:tweet.32": 0.2371530086,
        "1_Txt:tweet.33": 0.2495773286,
        "1_Txt:tweet.34": 0.0813113898,
        "1_Txt:tweet.35": 0.2766918242,
        "1_Txt:tweet.36": 0.2503390014,
        "1_Txt:tweet.37": 0.1488539577,
        "1_Txt:tweet.38": 0.0628282651,
        "1_Txt:tweet.39": 0.1369545311,
        "1_Txt:tweet.4": 0.1463214308,
        "1_Txt:tweet.40": 0.2381795347,
        "1_Txt:tweet.41": 0.1636519432,
        "1_Txt:tweet.42": 0.1720107943,
        "1_Txt:tweet.43": 0.0897380561,
        "1_Txt:tweet.44": 0.1747870445,
        "1_Txt:tweet.45": 0.1611436903,
        "1_Txt:tweet.46": 0.1195962429,
        "1_Txt:tweet.47": 0.0672734454,
        "1_Txt:tweet.48": 0.3032194972,
        "1_Txt:tweet.49": 0.1706578732,
        "1_Txt:tweet.5": 0.3444194198,
        "1_Txt:tweet.6": 0.1692767143,
        "1_Txt:tweet.7": 0.2045667619,
        "1_Txt:tweet.8": 0.0597777255,
        "1_Txt:tweet.9": 0.2024630904,
        "8_TEXTBIGRU_TE:tweet.0": 0.1276554167,
        "8_TEXTBIGRU_TE:tweet.1": 0.0985496417,
        "8_TEXTBIGRU_TE:tweet.2": 0.1112577692,
        "9_Freq:tweet": 0.0012938634
    },
    "Description": {
        "10_CVTE:tweet.0": "Out-of-fold mean of the response (class 0) grouped by: ['tweet'] using 5 folds",
        "10_CVTE:tweet.1": "Out-of-fold mean of the response (class 1) grouped by: ['tweet'] using 5 folds",
        "10_CVTE:tweet.2": "Out-of-fold mean of the response (class 2) grouped by: ['tweet'] using 5 folds",
        "11_TEXTCHARCNN_TE:tweet.0": "Predicted probabilities of class #1 based on TEXTCHARCNN model on text column ['tweet'] (embeddings trained from scratch), trained for 2 epochs",
        "11_TEXTCHARCNN_TE:tweet.1": "Predicted probabilities of class #2 based on TEXTCHARCNN model on text column ['tweet'] (embeddings trained from scratch), trained for 2 epochs",
        "11_TEXTCHARCNN_TE:tweet.2": "Predicted probabilities of class #3 based on TEXTCHARCNN model on text column ['tweet'] (embeddings trained from scratch), trained for 2 epochs",
        "12_TEXTCNN_TE:tweet.0": "Predicted probabilities of class #1 based on TEXTCNN model on text column ['tweet'] (embeddings trained from scratch), trained for 2 epochs",
        "12_TEXTCNN_TE:tweet.1": "Predicted probabilities of class #2 based on TEXTCNN model on text column ['tweet'] (embeddings trained from scratch), trained for 2 epochs",
        "12_TEXTCNN_TE:tweet.2": "Predicted probabilities of class #3 based on TEXTCNN model on text column ['tweet'] (embeddings trained from scratch), trained for 2 epochs",
        "1_Txt:tweet.0": "Feature #1 of tf-idf-based word embedding  (followed by dimensionality reduction to 50 dimensions) of 'tweet'",
        "1_Txt:tweet.1": "Feature #2 of tf-idf-based word embedding  (followed by dimensionality reduction to 50 dimensions) of 'tweet'",
        "1_Txt:tweet.10": "Feature #11 of tf-idf-based word embedding  (followed by dimensionality reduction to 50 dimensions) of 'tweet'",
        "1_Txt:tweet.11": "Feature #12 of tf-idf-based word embedding  (followed by dimensionality reduction to 50 dimensions) of 'tweet'",
        "1_Txt:tweet.12": "Feature #13 of tf-idf-based word embedding  (followed by dimensionality reduction to 50 dimensions) of 'tweet'",
        "1_Txt:tweet.13": "Feature #14 of tf-idf-based word embedding  (followed by dimensionality reduction to 50 dimensions) of 'tweet'",
        "1_Txt:tweet.14": "Feature #15 of tf-idf-based word embedding  (followed by dimensionality reduction to 50 dimensions) of 'tweet'",
        "1_Txt:tweet.15": "Feature #16 of tf-idf-based word embedding  (followed by dimensionality reduction to 50 dimensions) of 'tweet'",
        "1_Txt:tweet.16": "Feature #17 of tf-idf-based word embedding  (followed by dimensionality reduction to 50 dimensions) of 'tweet'",