{
    "Relative Importance": {
        "1_Txt:tweet.7": 1.0,
        "1_Txt:tweet.12": 0.9759820104,
        "1_Txt:tweet.5": 0.9038815498,
        "1_Txt:tweet.26": 0.8038832545,
        "1_Txt:tweet.1": 0.7656627297,
        "1_Txt:tweet.36": 0.7642068863,
        "1_Txt:tweet.40": 0.7404437065,
        "1_Txt:tweet.15": 0.7354825735,
        "1_Txt:tweet.23": 0.7262544632,
        "1_Txt:tweet.24": 0.7220264077,
        "1_Txt:tweet.42": 0.7030621767,
        "1_Txt:tweet.10": 0.6990926862,
        "1_Txt:tweet.20": 0.6937963963,
        "1_Txt:tweet.3": 0.6919229627,
        "1_Txt:tweet.17": 0.6519565582,
        "1_Txt:tweet.30": 0.6509464383,
        "1_Txt:tweet.48": 0.6468262076,
        "12_TEXTCNN_TE:tweet.2": 0.6375094056,
        "1_Txt:tweet.27": 0.6061156392,
        "1_Txt:tweet.16": 0.5830436945,
        "1_Txt:tweet.35": 0.5425186157,
        "1_Txt:tweet.45": 0.5257334113,
        "1_Txt:tweet.41": 0.5199331641,
        "1_Txt:tweet.0": 0.5127532482,
        "12_TEXTCNN_TE:tweet.1": 0.4987593591,
        "1_Txt:tweet.29": 0.4983173609,
        "1_Txt:tweet.13": 0.4901408553,
        "1_Txt:tweet.31": 0.4830647409,
        "1_Txt:tweet.33": 0.4779108763,
        "1_Txt:tweet.2": 0.4731423855,
        "1_Txt:tweet.28": 0.4585889876,
        "1_Txt:tweet.38": 0.4403780699,
        "1_Txt:tweet.34": 0.4383129179,
        "1_Txt:tweet.21": 0.4344598949,
        "1_Txt:tweet.8": 0.4067634046,
        "1_Txt:tweet.44": 0.4004687369,
        "1_Txt:tweet.47": 0.3945147395,
        "12_TEXTCNN_TE:tweet.0": 0.3845208883,
        "1_Txt:tweet.49": 0.3841367364,
        "1_Txt:tweet.18": 0.3789132833,
        "1_Txt:tweet.14": 0.368710041,
        "1_Txt:tweet.46": 0.3635329902,
        "1_Txt:tweet.4": 0.3620243967,
        "1_Txt:tweet.39": 0.3501577973,
        "1_Txt:tweet.22": 0.3494521677,
        "1_Txt:tweet.37": 0.3483760953,
        "1_Txt:tweet.6": 0.3426204026,
        "1_Txt:tweet.11": 0.3400998414,
        "1_Txt:tweet.19": 0.3400298953,
        "1_Txt:tweet.25": 0.3361799121,
        "1_Txt:tweet.32": 0.3149031103,
        "11_TEXTCHARCNN_TE:tweet.0": 0.3046373129,
        "1_Txt:tweet.43": 0.2897676229,
        "8_TEXTBIGRU_TE:tweet.1": 0.2853282392,
        "8_TEXTBIGRU_TE:tweet.0": 0.2827396691,
        "1_Txt:tweet.9": 0.2713168561,
        "11_TEXTCHARCNN_TE:tweet.1": 0.2332440466,
        "8_TEXTBIGRU_TE:tweet.2": 0.2232833803,
        "11_TEXTCHARCNN_TE:tweet.2": 0.119044438,
        "10_CVTE:tweet.0": 0.0559231564,
        "10_CVTE:tweet.1": 0.0559132174,
        "10_CVTE:tweet.2": 0.0287512317
    },
    "Shift of Relative Importance": {
        "1_Txt:tweet.7": 0.2359064817,
        "1_Txt:tweet.12": 0.1493110657,
        "1_Txt:tweet.5": -0.0961184502,
        "1_Txt:tweet.26": 0.076548636,
        "1_Txt:tweet.1": 0.0164703131,
        "1_Txt:tweet.36": 0.1008260846,
        "1_Txt:tweet.40": 0.1470645666,
        "1_Txt:tweet.15": -0.0256049037,
        "1_Txt:tweet.23": 0.0960878134,
        "1_Txt:tweet.24": 0.0260070562,
        "1_Txt:tweet.42": 0.1279778481,
        "1_Txt:tweet.10": -0.0650752187,
        "1_Txt:tweet.20": 0.0457262993,
        "1_Txt:tweet.3": 0.0181929469,
        "1_Txt:tweet.17": 0.0524947643,
        "1_Txt:tweet.30": -0.0049670339,
        "1_Txt:tweet.48": 0.0185903311,
        "12_TEXTCNN_TE:tweet.2": 0.4190964103,
        "1_Txt:tweet.27": 0.0398343205,
        "1_Txt:tweet.16": -0.0100637674,
        "1_Txt:tweet.35": -0.0804158449,
        "1_Txt:tweet.45": 0.0057119727,
        "1_Txt:tweet.41": 0.0620980859,
        "1_Txt:tweet.0": -0.0742830038,
        "12_TEXTCNN_TE:tweet.1": 0.0937658548,
        "1_Txt:tweet.29": -0.112449646,
        "1_Txt:tweet.13": -0.0735572577,
        "1_Txt:tweet.31": 0.0522252917,
        "1_Txt:tweet.33": -0.1772262454,
        "1_Txt:tweet.2": -0.1090919375,
        "1_Txt:tweet.28": -0.0564925969,
        "1_Txt:tweet.38": -0.0676285028,
        "1_Txt:tweet.34": 0.0433349907,
        "1_Txt:tweet.21": -0.1553381383,
        "1_Txt:tweet.8": 0.0430257618,
        "1_Txt:tweet.44": -0.0660468936,
        "1_Txt:tweet.47": -0.1055527925,
        "12_TEXTCNN_TE:tweet.0": -0.1649854183,
        "1_Txt:tweet.49": -0.0811628997,
        "1_Txt:tweet.18": -0.2403261662,
        "1_Txt:tweet.14": -0.0309808254,
        "1_Txt:tweet.46": -0.2078413665,
        "1_Txt:tweet.4": -0.1919791996,
        "1_Txt:tweet.39": -0.0339237452,
        "1_Txt:tweet.22": -0.0946783125,
        "1_Txt:tweet.37": -0.1003419161,
        "1_Txt:tweet.6": -0.2725246847,
        "1_Txt:tweet.11": -0.0010667741,
        "1_Txt:tweet.19": -0.0718207955,
        "1_Txt:tweet.25": -0.259714663,
        "1_Txt:tweet.32": -0.2515752017,
        "11_TEXTCHARCNN_TE:tweet.0": 0.0255121291,
        "1_Txt:tweet.43": -0.0669651926,
        "8_TEXTBIGRU_TE:tweet.1": -0.1580898166,
        "8_TEXTBIGRU_TE:tweet.0": -0.0425759554,
        "1_Txt:tweet.9": -0.2805123627,
        "11_TEXTCHARCNN_TE:tweet.1": -0.0076003671,
        "8_TEXTBIGRU_TE:tweet.2": -0.0846543014,
        "11_TEXTCHARCNN_TE:tweet.2": -0.0766525567,
        "10_CVTE:tweet.0": -0.0535865873,
        "10_CVTE:tweet.1": -0.0559287369,
        "10_CVTE:tweet.2": -0.0278225094
    },
    "Description": {
        "1_Txt:tweet.7": "Feature #8 of tf-idf-based word embedding  (followed by dimensionality reduction to 50 dimensions) of 'tweet' [internal:(True, 1, 50)]",
        "1_Txt:tweet.12": "Feature #13 of tf-idf-based word embedding  (followed by dimensionality reduction to 50 dimensions) of 'tweet' [internal:(True, 1, 50)]",
        "1_Txt:tweet.5": "Feature #6 of tf-idf-based word embedding  (followed by dimensionality reduction to 50 dimensions) of 'tweet' [internal:(True, 1, 50)]",
        "1_Txt:tweet.26": "Feature #27 of tf-idf-based word embedding  (followed by dimensionality reduction to 50 dimensions) of 'tweet' [internal:(True, 1, 50)]",
        "1_Txt:tweet.1": "Feature #2 of tf-idf-based word embedding  (followed by dimensionality reduction to 50 dimensions) of 'tweet' [internal:(True, 1, 50)]",
        "1_Txt:tweet.36": "Feature #37 of tf-idf-based word embedding  (followed by dimensionality reduction to 50 dimensions) of 'tweet' [internal:(True, 1, 50)]",
        "1_Txt:tweet.40": "Feature #41 of tf-idf-based word embedding  (followed by dimensionality reduction to 50 dimensions) of 'tweet' [internal:(True, 1, 50)]",
        "1_Txt:tweet.15": "Feature #16 of tf-idf-based word embedding  (followed by dimensionality reduction to 50 dimensions) of 'tweet' [internal:(True, 1, 50)]",
        "1_Txt:tweet.23": "Feature #24 of tf-idf-based word embedding  (followed by dimensionality reduction to 50 dimensions) of 'tweet' [internal:(True, 1, 50)]",
        "1_Txt:tweet.24": "Feature #25 of tf-idf-based word embedding  (followed by dimensionality reduction to 50 dimensions) of 'tweet' [internal:(True, 1, 50)]",
        "1_Txt:tweet.42": "Feature #43 of tf-idf-based word embedding  (followed by dimensionality reduction to 50 dimensions) of 'tweet' [internal:(True, 1, 50)]",
        "1_Txt:tweet.10": "Feature #11 of tf-idf-based word embedding  (followed by dimensionality reduction to 50 dimensions) of 'tweet' [internal:(True, 1, 50)]",
        "1_Txt:tweet.20": "Feature #21 of tf-idf-based word embedding  (followed by dimensionality reduction to 50 dimensions) of 'tweet' [internal:(True, 1, 50)]",
        "1_Txt:tweet.3": "Feature #4 of tf-idf-based word embedding  (followed by dimensionality reduction to 50 dimensions) of 'tweet' [internal:(True, 1, 50)]",
        "1_Txt:tweet.17": "Feature #18 of tf-idf-based word embedding  (followed by dimensionality reduction to 50 dimensions) of 'tweet' [internal:(True, 1, 50)]",
        "1_Txt:tweet.30": "Feature #31 of tf-idf-based word embedding  (followed by dimensionality reduction to 50 dimensions) of 'tweet' [internal:(True, 1, 50)]",