{
    "index": {
        "0": 0,
        "1": 1,
        "2": 2,
        "3": 3,
        "4": 4,
        "5": 5
    },
    "model_name": {
        "0": "LightGBMModel",
        "1": "LightGBMModel",
        "2": "LightGBMModel",
        "3": "ConstantModel",
        "4": "ConstantModel",
        "5": "ConstantModel"
    },
    "fold_id": {
        "0": 0,
        "1": 1,
        "2": 2,
        "3": 0,
        "4": 1,
        "5": 2
    },
    "model_id": {
        "0": 0,
        "1": 0,
        "2": 0,
        "3": 1,
        "4": 1,
        "5": 1
    },
    "ACCURACY": {
        "0": 0.849025974,
        "1": 0.8531810767,
        "2": 0.854812398,
        "3": 0.8425324675,
        "4": 0.8450244698,
        "5": 0.8450244698
    },
    "AUC": {
        "0": 0.9315348815,
        "1": 0.9313088626,
        "2": 0.9253903329,
        "3": 0.8928571429,
        "4": 0.8947797716,
        "5": 0.8947797716
    },
    "AUCPR": {
        "0": 0.8715856685,
        "1": 0.8795930227,
        "2": 0.862162703,
        "3": 0.7762656716,
        "4": 0.7795502911,
        "5": 0.7795502911
    },
    "F05": {
        "0": 0.849025974,
        "1": 0.8531810767,
        "2": 0.854812398,
        "3": 0.8425324675,
        "4": 0.8450244698,
        "5": 0.8450244698
    },
    "F1": {
        "0": 0.849025974,
        "1": 0.8531810767,
        "2": 0.854812398,
        "3": 0.8425324675,
        "4": 0.8450244698,
        "5": 0.8450244698
    },
    "F2": {
        "0": 0.849025974,
        "1": 0.8531810767,
        "2": 0.854812398,
        "3": 0.8425324675,
        "4": 0.8450244698,
        "5": 0.8450244698
    },
    "GINI": {
        "0": 0.863069763,
        "1": 0.8626177253,
        "2": 0.8507806658,
        "3": 0.7857142857,
        "4": 0.7895595432,
        "5": 0.7895595432
    },
    "LOGLOSS": {
        "0": 0.4783268485,
        "1": 0.476935371,
        "2": 0.4834934299,
        "3": 0.5384396976,
        "4": 0.5323246891,
        "5": 0.5323246891
    },
    "MACROAUC": {
        "0": 0.7293968898,
        "1": 0.7105146483,
        "2": 0.6892530055,
        "3": 0.5,
        "4": 0.5,
        "5": 0.5
    },
    "MCC": {
        "0": 0.773538961,
        "1": 0.779771615,
        "2": 0.7822185971,
        "3": 0.7637987013,
        "4": 0.7675367047,
        "5": 0.7675367047
    }
}