{
    "Coefficient": {
        "10_CVTE:tweet.0": 0.1267819405,
        "10_CVTE:tweet.1": 0.1267594099,
        "10_CVTE:tweet.2": 0.0651811734,
        "11_TEXTCHARCNN_TE:tweet.0": 0.6906353831,
        "11_TEXTCHARCNN_TE:tweet.1": 0.5287815332,
        "11_TEXTCHARCNN_TE:tweet.2": 0.2698825598,
        "12_TEXTCNN_TE:tweet.0": 0.871737361,
        "12_TEXTCNN_TE:tweet.1": 1.1307244301,
        "12_TEXTCNN_TE:tweet.2": 1.4452810287,
        "1_Txt:tweet.0": 1.1624495983,
        "1_Txt:tweet.1": 1.7358140945,
        "1_Txt:tweet.10": 1.5848948956,
        "1_Txt:tweet.11": 0.7710315585,
        "1_Txt:tweet.12": 2.2126235962,
        "1_Txt:tweet.13": 1.1111856699,
        "1_Txt:tweet.14": 0.8358929753,
        "1_Txt:tweet.15": 1.6673935652,
        "1_Txt:tweet.16": 1.3218032122,
        "1_Txt:tweet.17": 1.4780339003,
        "1_Txt:tweet.18": 0.8590245247,
        "1_Txt:tweet.19": 0.7708729506,
        "1_Txt:tweet.2": 1.0726488829,
        "1_Txt:tweet.20": 1.5728878975,
        "1_Txt:tweet.21": 0.9849528074,
        "1_Txt:tweet.22": 0.7922339439,
        "1_Txt:tweet.23": 1.6464726925,
        "1_Txt:tweet.24": 1.6368874311,
        "1_Txt:tweet.25": 0.7621447444,
        "1_Txt:tweet.26": 1.8224629164,
        "1_Txt:tweet.27": 1.3741090298,
        "1_Txt:tweet.28": 1.0396552086,
        "1_Txt:tweet.29": 1.1297223568,
        "1_Txt:tweet.3": 1.5686405897,
        "1_Txt:tweet.30": 1.4757437706,
        "1_Txt:tweet.31": 1.0951435566,
        "1_Txt:tweet.32": 0.7139086723,
        "1_Txt:tweet.33": 1.0834593773,
        "1_Txt:tweet.34": 0.9936878681,
        "1_Txt:tweet.35": 1.229929924,
        "1_Txt:tweet.36": 1.7325136662,
        "1_Txt:tweet.37": 0.789794445,
        "1_Txt:tweet.38": 0.9983697534,
        "1_Txt:tweet.39": 0.793833673,
        "1_Txt:tweet.4": 0.8207361698,
        "1_Txt:tweet.40": 1.6786407232,
        "1_Txt:tweet.41": 1.1787270308,
        "1_Txt:tweet.42": 1.5938940048,
        "1_Txt:tweet.43": 0.656924665,
        "1_Txt:tweet.44": 0.9078922868,
        "1_Txt:tweet.45": 1.1918766499,
        "1_Txt:tweet.46": 0.8241562247,
        "1_Txt:tweet.47": 0.8943941593,
        "1_Txt:tweet.48": 1.4664028883,
        "1_Txt:tweet.49": 0.8708664179,
        "1_Txt:tweet.5": 2.049166441,
        "1_Txt:tweet.6": 0.7767458558,
        "1_Txt:tweet.7": 2.2670741081,
        "1_Txt:tweet.8": 0.9221627712,
        "1_Txt:tweet.9": 0.6150954366,
        "8_TEXTBIGRU_TE:tweet.0": 0.640991807,
        "8_TEXTBIGRU_TE:tweet.1": 0.6468602419,
        "8_TEXTBIGRU_TE:tweet.2": 0.5061999559
    },
    "Shift of Coefficient": {
        "10_CVTE:tweet.0": -0.3213155866,
        "10_CVTE:tweet.1": -0.3308811784,
        "10_CVTE:tweet.2": -0.1663101315,
        "11_TEXTCHARCNN_TE:tweet.0": -0.4515032172,
        "11_TEXTCHARCNN_TE:tweet.1": -0.4567178488,
        "11_TEXTCHARCNN_TE:tweet.2": -0.530880332,
        "12_TEXTCNN_TE:tweet.0": -1.3767603636,
        "12_TEXTCNN_TE:tweet.1": -0.5264484882,
        "12_TEXTCNN_TE:tweet.2": 0.5515676737,
        "1_Txt:tweet.0": -1.239615202,
        "1_Txt:tweet.1": -1.3297693729,
        "1_Txt:tweet.10": -1.5419661999,
        "1_Txt:tweet.11": -0.6249713302,
        "1_Txt:tweet.12": -1.1699905396,
        "1_Txt:tweet.13": -1.1953829527,
        "1_Txt:tweet.14": -0.7995824218,
        "1_Txt:tweet.15": -1.4468628168,
        "1_Txt:tweet.16": -1.1051040888,
        "1_Txt:tweet.17": -0.9748743773,
        "1_Txt:tweet.18": -1.6748108864,
        "1_Txt:tweet.19": -0.9143586159,
        "1_Txt:tweet.2": -1.309767127,
        "1_Txt:tweet.20": -1.0789182186,
        "1_Txt:tweet.21": -1.4284127951,
        "1_Txt:tweet.22": -1.0250817537,
        "1_Txt:tweet.23": -0.9320752621,
        "1_Txt:tweet.24": -1.211119771,
        "1_Txt:tweet.25": -1.6761667728,
        "1_Txt:tweet.26": -1.1536818743,
        "1_Txt:tweet.27": -0.9430296421,
        "1_Txt:tweet.28": -1.06798172,
        "1_Txt:tweet.29": -1.3694450855,
        "1_Txt:tweet.3": -1.1881622076,
        "1_Txt:tweet.30": -1.2081563473,
        "1_Txt:tweet.31": -0.6677871943,
        "1_Txt:tweet.32": -1.6040360928,
        "1_Txt:tweet.33": -1.5972640514,
        "1_Txt:tweet.34": -0.6225028038,
        "1_Txt:tweet.35": -1.3190250397,
        "1_Txt:tweet.36": -0.9819414616,
        "1_Txt:tweet.37": -1.0462926626,
        "1_Txt:tweet.38": -1.0803174973,
        "1_Txt:tweet.39": -0.7777706981,
        "1_Txt:tweet.4": -1.4461638927,
        "1_Txt:tweet.40": -0.7493780851,
        "1_Txt:tweet.41": -0.6946657896,
        "1_Txt:tweet.42": -0.7592651844,
        "1_Txt:tweet.43": -0.80277282,
        "1_Txt:tweet.44": -1.0010199547,
        "1_Txt:tweet.45": -0.9359734058,
        "1_Txt:tweet.46": -1.5138223171,
        "1_Txt:tweet.47": -1.1518075466,
        "1_Txt:tweet.48": -1.1042445898,
        "1_Txt:tweet.49": -1.0330702066,
        "1_Txt:tweet.5": -2.0426843166,
        "1_Txt:tweet.6": -1.7403361797,
        "1_Txt:tweet.7": -0.8594825268,
        "1_Txt:tweet.8": -0.5661973953,
        "1_Txt:tweet.9": -1.6429073811,
        "8_TEXTBIGRU_TE:tweet.0": -0.6901512146,
        "8_TEXTBIGRU_TE:tweet.1": -1.1675403118,
        "8_TEXTBIGRU_TE:tweet.2": -0.7538350821
    },
    "Description": {
        "10_CVTE:tweet.0": "Out-of-fold mean of the response (class 0) grouped by: ['tweet'] using 5 folds [internal:(10, 3, 10)]",
        "10_CVTE:tweet.1": "Out-of-fold mean of the response (class 1) grouped by: ['tweet'] using 5 folds [internal:(10, 3, 10)]",
        "10_CVTE:tweet.2": "Out-of-fold mean of the response (class 2) grouped by: ['tweet'] using 5 folds [internal:(10, 3, 10)]",
        "11_TEXTCHARCNN_TE:tweet.0": "Predicted probabilities of class #1 based on TEXTCHARCNN model on text column ['tweet'] (embeddings trained from scratch), trained for 2 epochs",
        "11_TEXTCHARCNN_TE:tweet.1": "Predicted probabilities of class #2 based on TEXTCHARCNN model on text column ['tweet'] (embeddings trained from scratch), trained for 2 epochs",
        "11_TEXTCHARCNN_TE:tweet.2": "Predicted probabilities of class #3 based on TEXTCHARCNN model on text column ['tweet'] (embeddings trained from scratch), trained for 2 epochs",
        "12_TEXTCNN_TE:tweet.0": "Predicted probabilities of class #1 based on TEXTCNN model on text column ['tweet'] (embeddings trained from scratch), trained for 2 epochs",
        "12_TEXTCNN_TE:tweet.1": "Predicted probabilities of class #2 based on TEXTCNN model on text column ['tweet'] (embeddings trained from scratch), trained for 2 epochs",
        "12_TEXTCNN_TE:tweet.2": "Predicted probabilities of class #3 based on TEXTCNN model on text column ['tweet'] (embeddings trained from scratch), trained for 2 epochs",
        "1_Txt:tweet.0": "Feature #1 of tf-idf-based word embedding  (followed by dimensionality reduction to 50 dimensions) of 'tweet' [internal:(True, 1, 50)]",
        "1_Txt:tweet.1": "Feature #2 of tf-idf-based word embedding  (followed by dimensionality reduction to 50 dimensions) of 'tweet' [internal:(True, 1, 50)]",
        "1_Txt:tweet.10": "Feature #11 of tf-idf-based word embedding  (followed by dimensionality reduction to 50 dimensions) of 'tweet' [internal:(True, 1, 50)]",
        "1_Txt:tweet.11": "Feature #12 of tf-idf-based word embedding  (followed by dimensionality reduction to 50 dimensions) of 'tweet' [internal:(True, 1, 50)]",
        "1_Txt:tweet.12": "Feature #13 of tf-idf-based word embedding  (followed by dimensionality reduction to 50 dimensions) of 'tweet' [internal:(True, 1, 50)]",
        "1_Txt:tweet.13": "Feature #14 of tf-idf-based word embedding  (followed by dimensionality reduction to 50 dimensions) of 'tweet' [internal:(True, 1, 50)]",
        "1_Txt:tweet.14": "Feature #15 of tf-idf-based word embedding  (followed by dimensionality reduction to 50 dimensions) of 'tweet' [internal:(True, 1, 50)]",