{
    "Relative Importance": {
        "1_Txt:tweet.7": 1.0,
        "1_Txt:tweet.12": 0.9759820104,
        "1_Txt:tweet.5": 0.9038815498,
        "1_Txt:tweet.26": 0.8038832545,
        "1_Txt:tweet.1": 0.7656627297,
        "1_Txt:tweet.36": 0.7642068863,
        "1_Txt:tweet.40": 0.7404437065,
        "1_Txt:tweet.15": 0.7354825735,
        "1_Txt:tweet.23": 0.7262544632,
        "1_Txt:tweet.24": 0.7220264077,
        "1_Txt:tweet.42": 0.7030621767,
        "1_Txt:tweet.10": 0.6990926862,
        "1_Txt:tweet.20": 0.6937963963,
        "1_Txt:tweet.3": 0.6919229627,
        "1_Txt:tweet.17": 0.6519565582,
        "1_Txt:tweet.30": 0.6509464383,
        "1_Txt:tweet.48": 0.6468262076,
        "12_TEXTCNN_TE:tweet.2": 0.6375094056,
        "1_Txt:tweet.27": 0.6061156392,
        "1_Txt:tweet.16": 0.5830436945,
        "1_Txt:tweet.35": 0.5425186157,
        "1_Txt:tweet.45": 0.5257334113,
        "1_Txt:tweet.41": 0.5199331641,
        "1_Txt:tweet.0": 0.5127532482,
        "12_TEXTCNN_TE:tweet.1": 0.4987593591,
        "1_Txt:tweet.29": 0.4983173609,
        "1_Txt:tweet.13": 0.4901408553,
        "1_Txt:tweet.31": 0.4830647409,
        "1_Txt:tweet.33": 0.4779108763,
        "1_Txt:tweet.2": 0.4731423855,
        "1_Txt:tweet.28": 0.4585889876,
        "1_Txt:tweet.38": 0.4403780699,
        "1_Txt:tweet.34": 0.4383129179,
        "1_Txt:tweet.21": 0.4344598949,
        "1_Txt:tweet.8": 0.4067634046,
        "1_Txt:tweet.44": 0.4004687369,
        "1_Txt:tweet.47": 0.3945147395,
        "12_TEXTCNN_TE:tweet.0": 0.3845208883,
        "1_Txt:tweet.49": 0.3841367364,
        "1_Txt:tweet.18": 0.3789132833,
        "1_Txt:tweet.14": 0.368710041,
        "1_Txt:tweet.46": 0.3635329902,
        "1_Txt:tweet.4": 0.3620243967,
        "1_Txt:tweet.39": 0.3501577973,
        "1_Txt:tweet.22": 0.3494521677,
        "1_Txt:tweet.37": 0.3483760953,
        "1_Txt:tweet.6": 0.3426204026,
        "1_Txt:tweet.11": 0.3400998414,
        "1_Txt:tweet.19": 0.3400298953,
        "1_Txt:tweet.25": 0.3361799121,
        "1_Txt:tweet.32": 0.3149031103,
        "11_TEXTCHARCNN_TE:tweet.0": 0.3046373129,
        "1_Txt:tweet.43": 0.2897676229,
        "8_TEXTBIGRU_TE:tweet.1": 0.2853282392,
        "8_TEXTBIGRU_TE:tweet.0": 0.2827396691,
        "1_Txt:tweet.9": 0.2713168561,
        "11_TEXTCHARCNN_TE:tweet.1": 0.2332440466,
        "8_TEXTBIGRU_TE:tweet.2": 0.2232833803,
        "11_TEXTCHARCNN_TE:tweet.2": 0.119044438,
        "10_CVTE:tweet.0": 0.0559231564,
        "10_CVTE:tweet.1": 0.0559132174,
        "10_CVTE:tweet.2": 0.0287512317
    },
    "Standard Deviation of Relative Importance": {
        "1_Txt:tweet.7": 0.2578648627,
        "1_Txt:tweet.12": 0.3774783611,
        "1_Txt:tweet.5": 0.3816668093,
        "1_Txt:tweet.26": 0.2138482481,
        "1_Txt:tweet.1": 0.2151764631,
        "1_Txt:tweet.36": 0.147604242,
        "1_Txt:tweet.40": 0.2045272887,
        "1_Txt:tweet.15": 0.3953047395,
        "1_Txt:tweet.23": 0.268314749,
        "1_Txt:tweet.24": 0.3724287748,
        "1_Txt:tweet.42": 0.1251301318,
        "1_Txt:tweet.10": 0.2683526576,
        "1_Txt:tweet.20": 0.2654105425,
        "1_Txt:tweet.3": 0.1263579279,
        "1_Txt:tweet.17": 0.4232801497,
        "1_Txt:tweet.30": 0.3050177395,
        "1_Txt:tweet.48": 0.4481886625,
        "12_TEXTCNN_TE:tweet.2": 0.3435251713,
        "1_Txt:tweet.27": 0.2114503086,
        "1_Txt:tweet.16": 0.1897458583,
        "1_Txt:tweet.35": 0.1696389914,
        "1_Txt:tweet.45": 0.17499201,
        "1_Txt:tweet.41": 0.1867082417,
        "1_Txt:tweet.0": 0.1312514096,
        "12_TEXTCNN_TE:tweet.1": 0.3756155372,
        "1_Txt:tweet.29": 0.1537912786,
        "1_Txt:tweet.13": 0.1465726048,
        "1_Txt:tweet.31": 0.2186580598,
        "1_Txt:tweet.33": 0.2054065019,
        "1_Txt:tweet.2": 0.1766136736,
        "1_Txt:tweet.28": 0.2155023217,
        "1_Txt:tweet.38": 0.143269375,
        "1_Txt:tweet.34": 0.0920486525,
        "1_Txt:tweet.21": 0.1196390316,
        "1_Txt:tweet.8": 0.0817205235,
        "1_Txt:tweet.44": 0.1127196923,
        "1_Txt:tweet.47": 0.108422868,
        "12_TEXTCNN_TE:tweet.0": 0.1915163994,
        "1_Txt:tweet.49": 0.1300704181,
        "1_Txt:tweet.18": 0.1195777431,
        "1_Txt:tweet.14": 0.0674067065,
        "1_Txt:tweet.46": 0.1103804559,
        "1_Txt:tweet.4": 0.083726421,
        "1_Txt:tweet.39": 0.1664684415,
        "1_Txt:tweet.22": 0.1003157273,
        "1_Txt:tweet.37": 0.1332166344,
        "1_Txt:tweet.6": 0.0828990489,
        "1_Txt:tweet.11": 0.0033405125,
        "1_Txt:tweet.19": 0.1179205626,
        "1_Txt:tweet.25": 0.1797653586,
        "1_Txt:tweet.32": 0.1262801588,
        "11_TEXTCHARCNN_TE:tweet.0": 0.0050212662,
        "1_Txt:tweet.43": 0.0696554855,
        "8_TEXTBIGRU_TE:tweet.1": 0.1327613294,
        "8_TEXTBIGRU_TE:tweet.0": 0.0537485257,
        "1_Txt:tweet.9": 0.0592016242,
        "11_TEXTCHARCNN_TE:tweet.1": 0.0468734242,
        "8_TEXTBIGRU_TE:tweet.2": 0.1171655878,
        "11_TEXTCHARCNN_TE:tweet.2": 0.0371714272,
        "10_CVTE:tweet.0": 0.0079298941,
        "10_CVTE:tweet.1": 0.0099214232,
        "10_CVTE:tweet.2": 0.0168040451
    },
    "Description": {
        "1_Txt:tweet.7": "Feature #8 of tf-idf-based word embedding  (followed by dimensionality reduction to 50 dimensions) of 'tweet' [internal:(True, 1, 50)]",
        "1_Txt:tweet.12": "Feature #13 of tf-idf-based word embedding  (followed by dimensionality reduction to 50 dimensions) of 'tweet' [internal:(True, 1, 50)]",
        "1_Txt:tweet.5": "Feature #6 of tf-idf-based word embedding  (followed by dimensionality reduction to 50 dimensions) of 'tweet' [internal:(True, 1, 50)]",
        "1_Txt:tweet.26": "Feature #27 of tf-idf-based word embedding  (followed by dimensionality reduction to 50 dimensions) of 'tweet' [internal:(True, 1, 50)]",
        "1_Txt:tweet.1": "Feature #2 of tf-idf-based word embedding  (followed by dimensionality reduction to 50 dimensions) of 'tweet' [internal:(True, 1, 50)]",
        "1_Txt:tweet.36": "Feature #37 of tf-idf-based word embedding  (followed by dimensionality reduction to 50 dimensions) of 'tweet' [internal:(True, 1, 50)]",
        "1_Txt:tweet.40": "Feature #41 of tf-idf-based word embedding  (followed by dimensionality reduction to 50 dimensions) of 'tweet' [internal:(True, 1, 50)]",
        "1_Txt:tweet.15": "Feature #16 of tf-idf-based word embedding  (followed by dimensionality reduction to 50 dimensions) of 'tweet' [internal:(True, 1, 50)]",
        "1_Txt:tweet.23": "Feature #24 of tf-idf-based word embedding  (followed by dimensionality reduction to 50 dimensions) of 'tweet' [internal:(True, 1, 50)]",
        "1_Txt:tweet.24": "Feature #25 of tf-idf-based word embedding  (followed by dimensionality reduction to 50 dimensions) of 'tweet' [internal:(True, 1, 50)]",
        "1_Txt:tweet.42": "Feature #43 of tf-idf-based word embedding  (followed by dimensionality reduction to 50 dimensions) of 'tweet' [internal:(True, 1, 50)]",
        "1_Txt:tweet.10": "Feature #11 of tf-idf-based word embedding  (followed by dimensionality reduction to 50 dimensions) of 'tweet' [internal:(True, 1, 50)]",
        "1_Txt:tweet.20": "Feature #21 of tf-idf-based word embedding  (followed by dimensionality reduction to 50 dimensions) of 'tweet' [internal:(True, 1, 50)]",
        "1_Txt:tweet.3": "Feature #4 of tf-idf-based word embedding  (followed by dimensionality reduction to 50 dimensions) of 'tweet' [internal:(True, 1, 50)]",
        "1_Txt:tweet.17": "Feature #18 of tf-idf-based word embedding  (followed by dimensionality reduction to 50 dimensions) of 'tweet' [internal:(True, 1, 50)]",
        "1_Txt:tweet.30": "Feature #31 of tf-idf-based word embedding  (followed by dimensionality reduction to 50 dimensions) of 'tweet' [internal:(True, 1, 50)]",
        "1_Txt:tweet.48": "Feature #49 of tf-idf-based word embedding  (followed by dimensionality reduction to 50 dimensions) of 'tweet' [internal:(True, 1, 50)]",