{
    "gain": {
        "0.01": 0.0282312169,
        "0.02": 0.0559186599,
        "0.03": 0.083606103,
        "0.04": 0.1123784454,
        "0.05": 0.1378907933,
        "0.1": 0.2774155562,
        "0.15": 0.409873908,
        "0.2": 0.5423507977,
        "0.3": 0.7833838266,
        "0.4": 0.9006456431,
        "0.5": 0.9332270503,
        "0.6": 0.9516809319,
        "0.7": 0.9674106481,
        "0.8": 0.9858830674,
        "0.9": 0.9934826593,
        "1.0": 1.0
    },
    "lift": {
        "0.01": 2.8231216853,
        "0.02": 2.7959329958,
        "0.03": 2.7868700993,
        "0.04": 2.8094611343,
        "0.05": 2.7578158655,
        "0.1": 2.7741555617,
        "0.15": 2.7324927203,
        "0.2": 2.7117539883,
        "0.3": 2.611279422,
        "0.4": 2.2516141078,
        "0.5": 1.8664541005,
        "0.6": 1.5861348865,
        "0.7": 1.3820152115,
        "0.8": 1.2323538343,
        "0.9": 1.1038696214,
        "1.0": 1.0
    },
    "k-s": {
        "0.01": 0.0276872964,
        "0.02": 0.0545602606,
        "0.03": 0.0806188925,
        "0.04": 0.1091205212,
        "0.05": 0.1324647123,
        "0.1": 0.2668295331,
        "0.15": 0.3903365907,
        "0.2": 0.5141150923,
        "0.3": 0.7255700326,
        "0.4": 0.7513572204,
        "0.5": 0.6501085776,
        "0.6": 0.5279587405,
        "0.7": 0.401465798,
        "0.8": 0.2790445168,
        "0.9": 0.1403365907,
        "1.0": 0.0
    }
}