{
    "Coefficient": {
        "10_CVTE:tweet.0": 0.1267819405,
        "10_CVTE:tweet.1": 0.1267594099,
        "10_CVTE:tweet.2": 0.0651811734,
        "11_TEXTCHARCNN_TE:tweet.0": 0.6906353831,
        "11_TEXTCHARCNN_TE:tweet.1": 0.5287815332,
        "11_TEXTCHARCNN_TE:tweet.2": 0.2698825598,
        "12_TEXTCNN_TE:tweet.0": 0.871737361,
        "12_TEXTCNN_TE:tweet.1": 1.1307244301,
        "12_TEXTCNN_TE:tweet.2": 1.4452810287,
        "1_Txt:tweet.0": 1.1624495983,
        "1_Txt:tweet.1": 1.7358140945,
        "1_Txt:tweet.10": 1.5848948956,
        "1_Txt:tweet.11": 0.7710315585,
        "1_Txt:tweet.12": 2.2126235962,
        "1_Txt:tweet.13": 1.1111856699,
        "1_Txt:tweet.14": 0.8358929753,
        "1_Txt:tweet.15": 1.6673935652,
        "1_Txt:tweet.16": 1.3218032122,
        "1_Txt:tweet.17": 1.4780339003,
        "1_Txt:tweet.18": 0.8590245247,
        "1_Txt:tweet.19": 0.7708729506,
        "1_Txt:tweet.2": 1.0726488829,
        "1_Txt:tweet.20": 1.5728878975,
        "1_Txt:tweet.21": 0.9849528074,
        "1_Txt:tweet.22": 0.7922339439,
        "1_Txt:tweet.23": 1.6464726925,
        "1_Txt:tweet.24": 1.6368874311,
        "1_Txt:tweet.25": 0.7621447444,
        "1_Txt:tweet.26": 1.8224629164,
        "1_Txt:tweet.27": 1.3741090298,
        "1_Txt:tweet.28": 1.0396552086,
        "1_Txt:tweet.29": 1.1297223568,
        "1_Txt:tweet.3": 1.5686405897,
        "1_Txt:tweet.30": 1.4757437706,
        "1_Txt:tweet.31": 1.0951435566,
        "1_Txt:tweet.32": 0.7139086723,
        "1_Txt:tweet.33": 1.0834593773,
        "1_Txt:tweet.34": 0.9936878681,
        "1_Txt:tweet.35": 1.229929924,
        "1_Txt:tweet.36": 1.7325136662,
        "1_Txt:tweet.37": 0.789794445,
        "1_Txt:tweet.38": 0.9983697534,
        "1_Txt:tweet.39": 0.793833673,
        "1_Txt:tweet.4": 0.8207361698,
        "1_Txt:tweet.40": 1.6786407232,
        "1_Txt:tweet.41": 1.1787270308,
        "1_Txt:tweet.42": 1.5938940048,
        "1_Txt:tweet.43": 0.656924665,
        "1_Txt:tweet.44": 0.9078922868,
        "1_Txt:tweet.45": 1.1918766499,
        "1_Txt:tweet.46": 0.8241562247,
        "1_Txt:tweet.47": 0.8943941593,
        "1_Txt:tweet.48": 1.4664028883,
        "1_Txt:tweet.49": 0.8708664179,
        "1_Txt:tweet.5": 2.049166441,
        "1_Txt:tweet.6": 0.7767458558,
        "1_Txt:tweet.7": 2.2670741081,
        "1_Txt:tweet.8": 0.9221627712,
        "1_Txt:tweet.9": 0.6150954366,
        "8_TEXTBIGRU_TE:tweet.0": 0.640991807,
        "8_TEXTBIGRU_TE:tweet.1": 0.6468602419,
        "8_TEXTBIGRU_TE:tweet.2": 0.5061999559
    },
    "Standard Deviation of Coefficient": {
        "10_CVTE:tweet.0": 0.0079298941,
        "10_CVTE:tweet.1": 0.0099214232,
        "10_CVTE:tweet.2": 0.0168040451,
        "11_TEXTCHARCNN_TE:tweet.0": 0.0050212662,
        "11_TEXTCHARCNN_TE:tweet.1": 0.0468734242,
        "11_TEXTCHARCNN_TE:tweet.2": 0.0371714272,
        "12_TEXTCNN_TE:tweet.0": 0.1915163994,
        "12_TEXTCNN_TE:tweet.1": 0.3756155372,
        "12_TEXTCNN_TE:tweet.2": 0.3435251713,
        "1_Txt:tweet.0": 0.1312514096,
        "1_Txt:tweet.1": 0.2151764631,
        "1_Txt:tweet.10": 0.2683526576,
        "1_Txt:tweet.11": 0.0033405125,
        "1_Txt:tweet.12": 0.3774783611,
        "1_Txt:tweet.13": 0.1465726048,
        "1_Txt:tweet.14": 0.0674067065,
        "1_Txt:tweet.15": 0.3953047395,
        "1_Txt:tweet.16": 0.1897458583,
        "1_Txt:tweet.17": 0.4232801497,
        "1_Txt:tweet.18": 0.1195777431,
        "1_Txt:tweet.19": 0.1179205626,
        "1_Txt:tweet.2": 0.1766136736,
        "1_Txt:tweet.20": 0.2654105425,
        "1_Txt:tweet.21": 0.1196390316,
        "1_Txt:tweet.22": 0.1003157273,
        "1_Txt:tweet.23": 0.268314749,
        "1_Txt:tweet.24": 0.3724287748,
        "1_Txt:tweet.25": 0.1797653586,
        "1_Txt:tweet.26": 0.2138482481,
        "1_Txt:tweet.27": 0.2114503086,
        "1_Txt:tweet.28": 0.2155023217,
        "1_Txt:tweet.29": 0.1537912786,
        "1_Txt:tweet.3": 0.1263579279,
        "1_Txt:tweet.30": 0.3050177395,
        "1_Txt:tweet.31": 0.2186580598,
        "1_Txt:tweet.32": 0.1262801588,
        "1_Txt:tweet.33": 0.2054065019,
        "1_Txt:tweet.34": 0.0920486525,
        "1_Txt:tweet.35": 0.1696389914,
        "1_Txt:tweet.36": 0.147604242,
        "1_Txt:tweet.37": 0.1332166344,
        "1_Txt:tweet.38": 0.143269375,
        "1_Txt:tweet.39": 0.1664684415,
        "1_Txt:tweet.4": 0.083726421,
        "1_Txt:tweet.40": 0.2045272887,
        "1_Txt:tweet.41": 0.1867082417,
        "1_Txt:tweet.42": 0.1251301318,
        "1_Txt:tweet.43": 0.0696554855,
        "1_Txt:tweet.44": 0.1127196923,
        "1_Txt:tweet.45": 0.17499201,
        "1_Txt:tweet.46": 0.1103804559,
        "1_Txt:tweet.47": 0.108422868,
        "1_Txt:tweet.48": 0.4481886625,
        "1_Txt:tweet.49": 0.1300704181,
        "1_Txt:tweet.5": 0.3816668093,
        "1_Txt:tweet.6": 0.0828990489,
        "1_Txt:tweet.7": 0.2578648627,
        "1_Txt:tweet.8": 0.0817205235,
        "1_Txt:tweet.9": 0.0592016242,
        "8_TEXTBIGRU_TE:tweet.0": 0.0537485257,
        "8_TEXTBIGRU_TE:tweet.1": 0.1327613294,
        "8_TEXTBIGRU_TE:tweet.2": 0.1171655878
    },
    "Description": {
        "10_CVTE:tweet.0": "Out-of-fold mean of the response (class 0) grouped by: ['tweet'] using 5 folds [internal:(10, 3, 10)]",
        "10_CVTE:tweet.1": "Out-of-fold mean of the response (class 1) grouped by: ['tweet'] using 5 folds [internal:(10, 3, 10)]",
        "10_CVTE:tweet.2": "Out-of-fold mean of the response (class 2) grouped by: ['tweet'] using 5 folds [internal:(10, 3, 10)]",
        "11_TEXTCHARCNN_TE:tweet.0": "Predicted probabilities of class #1 based on TEXTCHARCNN model on text column ['tweet'] (embeddings trained from scratch), trained for 2 epochs",
        "11_TEXTCHARCNN_TE:tweet.1": "Predicted probabilities of class #2 based on TEXTCHARCNN model on text column ['tweet'] (embeddings trained from scratch), trained for 2 epochs",
        "11_TEXTCHARCNN_TE:tweet.2": "Predicted probabilities of class #3 based on TEXTCHARCNN model on text column ['tweet'] (embeddings trained from scratch), trained for 2 epochs",
        "12_TEXTCNN_TE:tweet.0": "Predicted probabilities of class #1 based on TEXTCNN model on text column ['tweet'] (embeddings trained from scratch), trained for 2 epochs",
        "12_TEXTCNN_TE:tweet.1": "Predicted probabilities of class #2 based on TEXTCNN model on text column ['tweet'] (embeddings trained from scratch), trained for 2 epochs",
        "12_TEXTCNN_TE:tweet.2": "Predicted probabilities of class #3 based on TEXTCNN model on text column ['tweet'] (embeddings trained from scratch), trained for 2 epochs",
        "1_Txt:tweet.0": "Feature #1 of tf-idf-based word embedding  (followed by dimensionality reduction to 50 dimensions) of 'tweet' [internal:(True, 1, 50)]",
        "1_Txt:tweet.1": "Feature #2 of tf-idf-based word embedding  (followed by dimensionality reduction to 50 dimensions) of 'tweet' [internal:(True, 1, 50)]",
        "1_Txt:tweet.10": "Feature #11 of tf-idf-based word embedding  (followed by dimensionality reduction to 50 dimensions) of 'tweet' [internal:(True, 1, 50)]",
        "1_Txt:tweet.11": "Feature #12 of tf-idf-based word embedding  (followed by dimensionality reduction to 50 dimensions) of 'tweet' [internal:(True, 1, 50)]",
        "1_Txt:tweet.12": "Feature #13 of tf-idf-based word embedding  (followed by dimensionality reduction to 50 dimensions) of 'tweet' [internal:(True, 1, 50)]",
        "1_Txt:tweet.13": "Feature #14 of tf-idf-based word embedding  (followed by dimensionality reduction to 50 dimensions) of 'tweet' [internal:(True, 1, 50)]",
        "1_Txt:tweet.14": "Feature #15 of tf-idf-based word embedding  (followed by dimensionality reduction to 50 dimensions) of 'tweet' [internal:(True, 1, 50)]",
        "1_Txt:tweet.15": "Feature #16 of tf-idf-based word embedding  (followed by dimensionality reduction to 50 dimensions) of 'tweet' [internal:(True, 1, 50)]",