{
    "gain": {
        "0.01": 0.0278481013,
        "0.02": 0.0569620253,
        "0.03": 0.082278481,
        "0.04": 0.1075949367,
        "0.05": 0.1379746835,
        "0.1": 0.2759493671,
        "0.15": 0.4012658228,
        "0.2": 0.5367088608,
        "0.3": 0.7873417722,
        "0.4": 0.8936708861,
        "0.5": 0.9278481013,
        "0.6": 0.9506329114,
        "0.7": 0.964556962,
        "0.8": 0.9810126582,
        "0.9": 0.9873417722,
        "1.0": 1.0
    },
    "lift": {
        "0.01": 2.7848101266,
        "0.02": 2.8481012658,
        "0.03": 2.7426160338,
        "0.04": 2.6898734177,
        "0.05": 2.7594936709,
        "0.1": 2.7594936709,
        "0.15": 2.6751054852,
        "0.2": 2.6835443038,
        "0.3": 2.6244725738,
        "0.4": 2.2341772152,
        "0.5": 1.8556962025,
        "0.6": 1.5843881857,
        "0.7": 1.3779385172,
        "0.8": 1.2262658228,
        "0.9": 1.0970464135,
        "1.0": 1.0
    },
    "k-s": {
        "0.01": 0.0272151899,
        "0.02": 0.0556962025,
        "0.03": 0.0784810127,
        "0.04": 0.1018987342,
        "0.05": 0.132278481,
        "0.1": 0.2639240506,
        "0.15": 0.3772151899,
        "0.2": 0.5050632911,
        "0.3": 0.7310126582,
        "0.4": 0.7405063291,
        "0.5": 0.6417721519,
        "0.6": 0.5259493671,
        "0.7": 0.396835443,
        "0.8": 0.2715189873,
        "0.9": 0.1310126582,
        "1.0": 0.0
    }
}