{
    "Relative Importance": {
        "1_Txt:tweet.5": 1.0,
        "1_Txt:tweet.12": 0.8266709447,
        "1_Txt:tweet.10": 0.7641679049,
        "1_Txt:tweet.7": 0.7640935183,
        "1_Txt:tweet.15": 0.7610874772,
        "1_Txt:tweet.1": 0.7491924167,
        "1_Txt:tweet.26": 0.7273346186,
        "1_Txt:tweet.24": 0.6960193515,
        "1_Txt:tweet.3": 0.6737300158,
        "1_Txt:tweet.36": 0.6633808017,
        "1_Txt:tweet.30": 0.6559134722,
        "1_Txt:tweet.33": 0.6551371217,
        "1_Txt:tweet.20": 0.648070097,
        "1_Txt:tweet.23": 0.6301666498,
        "1_Txt:tweet.48": 0.6282358766,
        "1_Txt:tweet.35": 0.6229344606,
        "1_Txt:tweet.18": 0.6192394495,
        "1_Txt:tweet.6": 0.6151450872,
        "1_Txt:tweet.29": 0.6107670069,
        "1_Txt:tweet.17": 0.5994617939,
        "1_Txt:tweet.25": 0.5958945751,
        "1_Txt:tweet.40": 0.5933791399,
        "1_Txt:tweet.16": 0.5931074619,
        "1_Txt:tweet.21": 0.5897980332,
        "1_Txt:tweet.0": 0.587036252,
        "1_Txt:tweet.2": 0.582234323,
        "1_Txt:tweet.42": 0.5750843287,
        "1_Txt:tweet.46": 0.5713743567,
        "1_Txt:tweet.32": 0.566478312,
        "1_Txt:tweet.27": 0.5662813187,
        "1_Txt:tweet.13": 0.563698113,
        "1_Txt:tweet.4": 0.5540035963,
        "1_Txt:tweet.9": 0.5518292189,
        "12_TEXTCNN_TE:tweet.0": 0.5495063066,
        "1_Txt:tweet.45": 0.5200214386,
        "1_Txt:tweet.28": 0.5150815845,
        "1_Txt:tweet.38": 0.5080065727,
        "1_Txt:tweet.47": 0.5000675321,
        "1_Txt:tweet.44": 0.4665156305,
        "1_Txt:tweet.49": 0.4652996361,
        "1_Txt:tweet.41": 0.4578350782,
        "1_Txt:tweet.37": 0.4487180114,
        "1_Txt:tweet.22": 0.4441304803,
        "8_TEXTBIGRU_TE:tweet.1": 0.4434180558,
        "1_Txt:tweet.31": 0.4308394492,
        "1_Txt:tweet.19": 0.4118506908,
        "12_TEXTCNN_TE:tweet.1": 0.4049935043,
        "1_Txt:tweet.14": 0.3996908665,
        "1_Txt:tweet.34": 0.3949779272,
        "1_Txt:tweet.39": 0.3840815425,
        "1_Txt:tweet.8": 0.3637376428,
        "1_Txt:tweet.43": 0.3567328155,
        "1_Txt:tweet.11": 0.3411666155,
        "8_TEXTBIGRU_TE:tweet.0": 0.3253156245,
        "8_TEXTBIGRU_TE:tweet.2": 0.3079376817,
        "11_TEXTCHARCNN_TE:tweet.0": 0.2791251838,
        "11_TEXTCHARCNN_TE:tweet.1": 0.2408444136,
        "12_TEXTCNN_TE:tweet.2": 0.2184129953,
        "11_TEXTCHARCNN_TE:tweet.2": 0.1956969947,
        "10_CVTE:tweet.1": 0.1118419543,
        "10_CVTE:tweet.0": 0.1095097438,
        "10_CVTE:tweet.2": 0.0565737411,
        "9_Freq:tweet": 0.0007745408
    },
    "Standard Deviation of Relative Importance": {
        "1_Txt:tweet.5": 0.3444194198,
        "1_Txt:tweet.12": 0.2400211841,
        "1_Txt:tweet.10": 0.2726927698,
        "1_Txt:tweet.7": 0.2045667619,
        "1_Txt:tweet.15": 0.2944701016,
        "1_Txt:tweet.1": 0.2049180418,
        "1_Txt:tweet.26": 0.1783115566,
        "1_Txt:tweet.24": 0.2790233493,
        "1_Txt:tweet.3": 0.1089335382,
        "1_Txt:tweet.36": 0.2503390014,
        "1_Txt:tweet.30": 0.3492493033,
        "1_Txt:tweet.33": 0.2495773286,
        "1_Txt:tweet.20": 0.2214332968,
        "1_Txt:tweet.23": 0.2894816995,
        "1_Txt:tweet.48": 0.3032194972,
        "1_Txt:tweet.35": 0.2766918242,
        "1_Txt:tweet.18": 0.2914747894,
        "1_Txt:tweet.6": 0.1692767143,
        "1_Txt:tweet.29": 0.2103444785,
        "1_Txt:tweet.17": 0.2604950666,
        "1_Txt:tweet.25": 0.3073162436,
        "1_Txt:tweet.40": 0.2381795347,
        "1_Txt:tweet.16": 0.1754986644,
        "1_Txt:tweet.21": 0.3039944172,
        "1_Txt:tweet.0": 0.0842040032,
        "1_Txt:tweet.2": 0.2222520262,
        "1_Txt:tweet.42": 0.1720107943,
        "1_Txt:tweet.46": 0.1195962429,
        "1_Txt:tweet.32": 0.2371530086,
        "1_Txt:tweet.27": 0.1670530289,
        "1_Txt:tweet.13": 0.1573736966,
        "1_Txt:tweet.4": 0.1463214308,
        "1_Txt:tweet.9": 0.2024630904,
        "12_TEXTCNN_TE:tweet.0": 0.2684633732,
        "1_Txt:tweet.45": 0.1611436903,
        "1_Txt:tweet.28": 0.27686131,
        "1_Txt:tweet.38": 0.0628282651,
        "1_Txt:tweet.47": 0.0672734454,
        "1_Txt:tweet.44": 0.1747870445,
        "1_Txt:tweet.49": 0.1706578732,
        "1_Txt:tweet.41": 0.1636519432,
        "1_Txt:tweet.37": 0.1488539577,
        "1_Txt:tweet.22": 0.0760389268,
        "8_TEXTBIGRU_TE:tweet.1": 0.0985496417,
        "1_Txt:tweet.31": 0.1583030075,
        "1_Txt:tweet.19": 0.132998839,
        "12_TEXTCNN_TE:tweet.1": 0.1760590523,
        "1_Txt:tweet.14": 0.0829865113,
        "1_Txt:tweet.34": 0.0813113898,
        "1_Txt:tweet.39": 0.1369545311,
        "1_Txt:tweet.8": 0.0597777255,
        "1_Txt:tweet.43": 0.0897380561,
        "1_Txt:tweet.11": 0.0971642137,
        "8_TEXTBIGRU_TE:tweet.0": 0.1276554167,
        "8_TEXTBIGRU_TE:tweet.2": 0.1112577692,
        "11_TEXTCHARCNN_TE:tweet.0": 0.08361274,
        "11_TEXTCHARCNN_TE:tweet.1": 0.0971460789,
        "12_TEXTCNN_TE:tweet.2": 0.065518409,
        "11_TEXTCHARCNN_TE:tweet.2": 0.0764841065,
        "10_CVTE:tweet.1": 0.0922558308,
        "10_CVTE:tweet.0": 0.0681985095,
        "10_CVTE:tweet.2": 0.0326182544,
        "9_Freq:tweet": 0.0012938634
    },
    "Description": {
        "1_Txt:tweet.5": "Feature #6 of tf-idf-based word embedding  (followed by dimensionality reduction to 50 dimensions) of 'tweet'",
        "1_Txt:tweet.12": "Feature #13 of tf-idf-based word embedding  (followed by dimensionality reduction to 50 dimensions) of 'tweet'",
        "1_Txt:tweet.10": "Feature #11 of tf-idf-based word embedding  (followed by dimensionality reduction to 50 dimensions) of 'tweet'",
        "1_Txt:tweet.7": "Feature #8 of tf-idf-based word embedding  (followed by dimensionality reduction to 50 dimensions) of 'tweet'",
        "1_Txt:tweet.15": "Feature #16 of tf-idf-based word embedding  (followed by dimensionality reduction to 50 dimensions) of 'tweet'",
        "1_Txt:tweet.1": "Feature #2 of tf-idf-based word embedding  (followed by dimensionality reduction to 50 dimensions) of 'tweet'",
        "1_Txt:tweet.26": "Feature #27 of tf-idf-based word embedding  (followed by dimensionality reduction to 50 dimensions) of 'tweet'",
        "1_Txt:tweet.24": "Feature #25 of tf-idf-based word embedding  (followed by dimensionality reduction to 50 dimensions) of 'tweet'",
        "1_Txt:tweet.3": "Feature #4 of tf-idf-based word embedding  (followed by dimensionality reduction to 50 dimensions) of 'tweet'",
        "1_Txt:tweet.36": "Feature #37 of tf-idf-based word embedding  (followed by dimensionality reduction to 50 dimensions) of 'tweet'",
        "1_Txt:tweet.30": "Feature #31 of tf-idf-based word embedding  (followed by dimensionality reduction to 50 dimensions) of 'tweet'",
        "1_Txt:tweet.33": "Feature #34 of tf-idf-based word embedding  (followed by dimensionality reduction to 50 dimensions) of 'tweet'",
        "1_Txt:tweet.20": "Feature #21 of tf-idf-based word embedding  (followed by dimensionality reduction to 50 dimensions) of 'tweet'",
        "1_Txt:tweet.23": "Feature #24 of tf-idf-based word embedding  (followed by dimensionality reduction to 50 dimensions) of 'tweet'",
        "1_Txt:tweet.48": "Feature #49 of tf-idf-based word embedding  (followed by dimensionality reduction to 50 dimensions) of 'tweet'",
        "1_Txt:tweet.35": "Feature #36 of tf-idf-based word embedding  (followed by dimensionality reduction to 50 dimensions) of 'tweet'",
        "1_Txt:tweet.18": "Feature #19 of tf-idf-based word embedding  (followed by dimensionality reduction to 50 dimensions) of 'tweet'",
        "1_Txt:tweet.6": "Feature #7 of tf-idf-based word embedding  (followed by dimensionality reduction to 50 dimensions) of 'tweet'",
        "1_Txt:tweet.29": "Feature #30 of tf-idf-based word embedding  (followed by dimensionality reduction to 50 dimensions) of 'tweet'",