{
    "Coefficient": {
        "0_CVTE:tweet.0": 0.5423084497,
        "0_CVTE:tweet.1": 0.5258488059,
        "0_CVTE:tweet.2": 0.4095455706,
        "1_TEXTCHARCNN_TE:tweet.0": 1.4754421711,
        "1_TEXTCHARCNN_TE:tweet.1": 1.5300022364,
        "1_TEXTCHARCNN_TE:tweet.2": 1.5342622995,
        "2_Txt:tweet.0": 2.1467323303,
        "2_Txt:tweet.1": 1.8636109829,
        "2_Txt:tweet.10": 1.7457005978,
        "2_Txt:tweet.11": 1.6307685375,
        "2_Txt:tweet.12": 1.6250377893,
        "2_Txt:tweet.13": 1.5172255039,
        "2_Txt:tweet.14": 1.6304877996,
        "2_Txt:tweet.15": 1.4707840681,
        "2_Txt:tweet.16": 1.7412887812,
        "2_Txt:tweet.17": 1.9163328409,
        "2_Txt:tweet.18": 1.835059166,
        "2_Txt:tweet.19": 1.856010437,
        "2_Txt:tweet.2": 1.5734632015,
        "2_Txt:tweet.20": 1.9934588671,
        "2_Txt:tweet.21": 1.9043961763,
        "2_Txt:tweet.22": 1.441953063,
        "2_Txt:tweet.23": 1.8674225807,
        "2_Txt:tweet.24": 1.4098937511,
        "2_Txt:tweet.25": 1.4858295918,
        "2_Txt:tweet.26": 1.4629123211,
        "2_Txt:tweet.27": 1.5532188416,
        "2_Txt:tweet.28": 1.6016833782,
        "2_Txt:tweet.29": 1.8428580761,
        "2_Txt:tweet.3": 4.1610302925,
        "2_Txt:tweet.30": 1.4102482796,
        "2_Txt:tweet.31": 1.7736983299,
        "2_Txt:tweet.32": 1.6824085712,
        "2_Txt:tweet.33": 1.7086660862,
        "2_Txt:tweet.34": 1.6208834648,
        "2_Txt:tweet.35": 1.5685884953,
        "2_Txt:tweet.36": 1.7613127232,
        "2_Txt:tweet.37": 1.5030354261,
        "2_Txt:tweet.38": 1.4642128944,
        "2_Txt:tweet.39": 1.9909045696,
        "2_Txt:tweet.4": 3.483184576,
        "2_Txt:tweet.40": 1.560893774,
        "2_Txt:tweet.41": 1.5597201586,
        "2_Txt:tweet.42": 2.167078495,
        "2_Txt:tweet.43": 1.4371780157,
        "2_Txt:tweet.44": 1.6296696663,
        "2_Txt:tweet.45": 1.5854862928,
        "2_Txt:tweet.46": 1.6285135746,
        "2_Txt:tweet.47": 1.346568346,
        "2_Txt:tweet.48": 1.6478230953,
        "2_Txt:tweet.49": 1.6538197994,
        "2_Txt:tweet.5": 2.3549098969,
        "2_Txt:tweet.6": 1.882676363,
        "2_Txt:tweet.7": 1.6652251482,
        "2_Txt:tweet.8": 2.0607101917,
        "2_Txt:tweet.9": 1.7565027475,
        "3_TEXTCNN_TE:tweet.0": 2.6337256432,
        "3_TEXTCNN_TE:tweet.1": 5.4850745201,
        "3_TEXTCNN_TE:tweet.2": 2.76826334,
        "5_Freq:tweet": 0.0080464827
    },
    "Standard Deviation of Coefficient": {
        "0_CVTE:tweet.0": 0.0226434041,
        "0_CVTE:tweet.1": 0.023758281,
        "0_CVTE:tweet.2": 0.0171333849,
        "1_TEXTCHARCNN_TE:tweet.0": 0.0683042184,
        "1_TEXTCHARCNN_TE:tweet.1": 0.0835106969,
        "1_TEXTCHARCNN_TE:tweet.2": 0.0999089926,
        "2_Txt:tweet.0": 0.0794466063,
        "2_Txt:tweet.1": 0.0717311502,
        "2_Txt:tweet.10": 0.0859423205,
        "2_Txt:tweet.11": 0.0651598573,
        "2_Txt:tweet.12": 0.0985789448,
        "2_Txt:tweet.13": 0.0616329536,
        "2_Txt:tweet.14": 0.0461949594,
        "2_Txt:tweet.15": 0.0499106795,
        "2_Txt:tweet.16": 0.0693454444,
        "2_Txt:tweet.17": 0.0903915912,
        "2_Txt:tweet.18": 0.086935766,
        "2_Txt:tweet.19": 0.0739243627,
        "2_Txt:tweet.2": 0.0646437779,
        "2_Txt:tweet.20": 0.0971073583,
        "2_Txt:tweet.21": 0.087835975,
        "2_Txt:tweet.22": 0.0803217217,
        "2_Txt:tweet.23": 0.0994933695,
        "2_Txt:tweet.24": 0.0735616162,
        "2_Txt:tweet.25": 0.053478431,
        "2_Txt:tweet.26": 0.0461807661,
        "2_Txt:tweet.27": 0.0810892805,
        "2_Txt:tweet.28": 0.0252250694,
        "2_Txt:tweet.29": 0.0919954479,
        "2_Txt:tweet.3": 0.254627645,
        "2_Txt:tweet.30": 0.0657979995,
        "2_Txt:tweet.31": 0.1190251857,
        "2_Txt:tweet.32": 0.0671239048,
        "2_Txt:tweet.33": 0.0973733962,
        "2_Txt:tweet.34": 0.0829132944,
        "2_Txt:tweet.35": 0.0670625791,
        "2_Txt:tweet.36": 0.0938938186,
        "2_Txt:tweet.37": 0.0839107409,
        "2_Txt:tweet.38": 0.0512413494,
        "2_Txt:tweet.39": 0.0863100067,
        "2_Txt:tweet.4": 0.2035122663,
        "2_Txt:tweet.40": 0.0798084289,
        "2_Txt:tweet.41": 0.0799520686,
        "2_Txt:tweet.42": 0.1381528229,
        "2_Txt:tweet.43": 0.0885735452,
        "2_Txt:tweet.44": 0.036963705,
        "2_Txt:tweet.45": 0.0543519408,
        "2_Txt:tweet.46": 0.0463426299,
        "2_Txt:tweet.47": 0.0694353208,
        "2_Txt:tweet.48": 0.0784891248,
        "2_Txt:tweet.49": 0.1043385491,
        "2_Txt:tweet.5": 0.0764943287,
        "2_Txt:tweet.6": 0.0681307688,
        "2_Txt:tweet.7": 0.0787136629,
        "2_Txt:tweet.8": 0.1553989351,
        "2_Txt:tweet.9": 0.0526065156,
        "3_TEXTCNN_TE:tweet.0": 0.0695687607,
        "3_TEXTCNN_TE:tweet.1": 0.2102175355,
        "3_TEXTCNN_TE:tweet.2": 0.1900133789,
        "5_Freq:tweet": 0.0015316406
    },
    "Description": {
        "0_CVTE:tweet.0": "Out-of-fold mean of the response (class 0) grouped by: ['tweet'] using 5 folds",
        "0_CVTE:tweet.1": "Out-of-fold mean of the response (class 1) grouped by: ['tweet'] using 5 folds",
        "0_CVTE:tweet.2": "Out-of-fold mean of the response (class 2) grouped by: ['tweet'] using 5 folds",
        "1_TEXTCHARCNN_TE:tweet.0": "Predicted probabilities of class #1 based on TEXTCHARCNN model on text column ['tweet'] (embeddings trained from scratch), trained for 2 epochs",
        "1_TEXTCHARCNN_TE:tweet.1": "Predicted probabilities of class #2 based on TEXTCHARCNN model on text column ['tweet'] (embeddings trained from scratch), trained for 2 epochs",
        "1_TEXTCHARCNN_TE:tweet.2": "Predicted probabilities of class #3 based on TEXTCHARCNN model on text column ['tweet'] (embeddings trained from scratch), trained for 2 epochs",
        "2_Txt:tweet.0": "Feature #1 of tf-idf-based word embedding  (followed by dimensionality reduction to 50 dimensions) of 'tweet'",
        "2_Txt:tweet.1": "Feature #2 of tf-idf-based word embedding  (followed by dimensionality reduction to 50 dimensions) of 'tweet'",
        "2_Txt:tweet.10": "Feature #11 of tf-idf-based word embedding  (followed by dimensionality reduction to 50 dimensions) of 'tweet'",
        "2_Txt:tweet.11": "Feature #12 of tf-idf-based word embedding  (followed by dimensionality reduction to 50 dimensions) of 'tweet'",
        "2_Txt:tweet.12": "Feature #13 of tf-idf-based word embedding  (followed by dimensionality reduction to 50 dimensions) of 'tweet'",
        "2_Txt:tweet.13": "Feature #14 of tf-idf-based word embedding  (followed by dimensionality reduction to 50 dimensions) of 'tweet'",
        "2_Txt:tweet.14": "Feature #15 of tf-idf-based word embedding  (followed by dimensionality reduction to 50 dimensions) of 'tweet'",
        "2_Txt:tweet.15": "Feature #16 of tf-idf-based word embedding  (followed by dimensionality reduction to 50 dimensions) of 'tweet'",
        "2_Txt:tweet.16": "Feature #17 of tf-idf-based word embedding  (followed by dimensionality reduction to 50 dimensions) of 'tweet'",
        "2_Txt:tweet.17": "Feature #18 of tf-idf-based word embedding  (followed by dimensionality reduction to 50 dimensions) of 'tweet'",
        "2_Txt:tweet.18": "Feature #19 of tf-idf-based word embedding  (followed by dimensionality reduction to 50 dimensions) of 'tweet'",
        "2_Txt:tweet.19": "Feature #20 of tf-idf-based word embedding  (followed by dimensionality reduction to 50 dimensions) of 'tweet'",
        "2_Txt:tweet.2": "Feature #3 of tf-idf-based word embedding  (followed by dimensionality reduction to 50 dimensions) of 'tweet'",
        "2_Txt:tweet.20": "Feature #21 of tf-idf-based word embedding  (followed by dimensionality reduction to 50 dimensions) of 'tweet'",
        "2_Txt:tweet.21": "Feature #22 of tf-idf-based word embedding  (followed by dimensionality reduction to 50 dimensions) of 'tweet'",