{
    "Coefficient": {
        "0_CVTE:tweet.0": 0.4182630777,
        "0_CVTE:tweet.1": 0.3059262633,
        "0_CVTE:tweet.2": 0.2992454171,
        "1_TEXTCHARCNN_TE:tweet.0": 1.0637266636,
        "1_TEXTCHARCNN_TE:tweet.1": 1.1214512587,
        "1_TEXTCHARCNN_TE:tweet.2": 0.9191411734,
        "2_Txt:tweet.0": 1.4360117912,
        "2_Txt:tweet.1": 1.1635622978,
        "2_Txt:tweet.10": 1.1016476154,
        "2_Txt:tweet.11": 1.1959154606,
        "2_Txt:tweet.12": 1.0156984329,
        "2_Txt:tweet.13": 1.0672328472,
        "2_Txt:tweet.14": 1.4067633152,
        "2_Txt:tweet.15": 1.0190411806,
        "2_Txt:tweet.16": 1.234234333,
        "2_Txt:tweet.17": 1.125559926,
        "2_Txt:tweet.18": 1.1777994633,
        "2_Txt:tweet.19": 1.3521820307,
        "2_Txt:tweet.2": 1.1890513897,
        "2_Txt:tweet.20": 1.4637739658,
        "2_Txt:tweet.21": 1.1625028849,
        "2_Txt:tweet.22": 1.1715384722,
        "2_Txt:tweet.23": 1.141099453,
        "2_Txt:tweet.24": 0.9981450438,
        "2_Txt:tweet.25": 1.2187160254,
        "2_Txt:tweet.26": 1.0002728701,
        "2_Txt:tweet.27": 1.0872187614,
        "2_Txt:tweet.28": 1.3433996439,
        "2_Txt:tweet.29": 1.135717392,
        "2_Txt:tweet.3": 2.5656561852,
        "2_Txt:tweet.30": 1.0321576595,
        "2_Txt:tweet.31": 1.2611733675,
        "2_Txt:tweet.32": 1.1851018667,
        "2_Txt:tweet.33": 1.2654247284,
        "2_Txt:tweet.34": 1.1262203455,
        "2_Txt:tweet.35": 1.227938056,
        "2_Txt:tweet.36": 0.9947553873,
        "2_Txt:tweet.37": 1.1882736683,
        "2_Txt:tweet.38": 1.099404335,
        "2_Txt:tweet.39": 1.3060275316,
        "2_Txt:tweet.4": 1.9317047596,
        "2_Txt:tweet.40": 1.1762434244,
        "2_Txt:tweet.41": 1.092634201,
        "2_Txt:tweet.42": 1.4262189865,
        "2_Txt:tweet.43": 0.9969157577,
        "2_Txt:tweet.44": 1.2574403286,
        "2_Txt:tweet.45": 1.164473176,
        "2_Txt:tweet.46": 1.1140524149,
        "2_Txt:tweet.47": 1.2168402672,
        "2_Txt:tweet.48": 1.0326550007,
        "2_Txt:tweet.49": 1.1534733772,
        "2_Txt:tweet.5": 1.4543856382,
        "2_Txt:tweet.6": 1.2973718643,
        "2_Txt:tweet.7": 1.2419555187,
        "2_Txt:tweet.8": 1.2336540222,
        "2_Txt:tweet.9": 1.0972311497,
        "3_TEXTCNN_TE:tweet.0": 1.8826087713,
        "3_TEXTCNN_TE:tweet.1": 2.9317097664,
        "3_TEXTCNN_TE:tweet.2": 2.5189445019
    },
    "Standard Deviation of Coefficient": {
        "0_CVTE:tweet.0": 0.0310774557,
        "0_CVTE:tweet.1": 0.0152219525,
        "0_CVTE:tweet.2": 0.0239067264,
        "1_TEXTCHARCNN_TE:tweet.0": 0.0519044846,
        "1_TEXTCHARCNN_TE:tweet.1": 0.1271947473,
        "1_TEXTCHARCNN_TE:tweet.2": 0.070680961,
        "2_Txt:tweet.0": 0.068631202,
        "2_Txt:tweet.1": 0.0578940399,
        "2_Txt:tweet.10": 0.0106395558,
        "2_Txt:tweet.11": 0.039893616,
        "2_Txt:tweet.12": 0.0508456193,
        "2_Txt:tweet.13": 0.0104584498,
        "2_Txt:tweet.14": 0.0511800721,
        "2_Txt:tweet.15": 0.0772161633,
        "2_Txt:tweet.16": 0.1137373969,
        "2_Txt:tweet.17": 0.0334648639,
        "2_Txt:tweet.18": 0.0211604703,
        "2_Txt:tweet.19": 0.085069783,
        "2_Txt:tweet.2": 0.0347972326,
        "2_Txt:tweet.20": 0.1471390575,
        "2_Txt:tweet.21": 0.1057906374,
        "2_Txt:tweet.22": 0.1043828875,
        "2_Txt:tweet.23": 0.0521225743,
        "2_Txt:tweet.24": 0.0704753697,
        "2_Txt:tweet.25": 0.0179257933,
        "2_Txt:tweet.26": 0.035069894,
        "2_Txt:tweet.27": 0.0585606508,
        "2_Txt:tweet.28": 0.0432788096,
        "2_Txt:tweet.29": 0.0397378281,
        "2_Txt:tweet.3": 0.1827963442,
        "2_Txt:tweet.30": 0.0637789965,
        "2_Txt:tweet.31": 0.0406460017,
        "2_Txt:tweet.32": 0.0111480914,
        "2_Txt:tweet.33": 0.0883363038,
        "2_Txt:tweet.34": 0.0119703515,
        "2_Txt:tweet.35": 0.0378765464,
        "2_Txt:tweet.36": 0.0590216555,
        "2_Txt:tweet.37": 0.0375326537,
        "2_Txt:tweet.38": 0.0433775261,
        "2_Txt:tweet.39": 0.0276154988,
        "2_Txt:tweet.4": 0.271724999,
        "2_Txt:tweet.40": 0.0821595713,
        "2_Txt:tweet.41": 0.0509056374,
        "2_Txt:tweet.42": 0.1295240074,
        "2_Txt:tweet.43": 0.0149260256,
        "2_Txt:tweet.44": 0.061052151,
        "2_Txt:tweet.45": 0.0378729999,
        "2_Txt:tweet.46": 0.0202441067,
        "2_Txt:tweet.47": 0.0856259018,
        "2_Txt:tweet.48": 0.0494265705,
        "2_Txt:tweet.49": 0.0555588417,
        "2_Txt:tweet.5": 0.0670249462,
        "2_Txt:tweet.6": 0.0121593075,
        "2_Txt:tweet.7": 0.0391807072,
        "2_Txt:tweet.8": 0.1006698757,
        "2_Txt:tweet.9": 0.0648670495,
        "3_TEXTCNN_TE:tweet.0": 0.2068420053,
        "3_TEXTCNN_TE:tweet.1": 0.0394274518,
        "3_TEXTCNN_TE:tweet.2": 0.0568709224
    },
    "Description": {
        "0_CVTE:tweet.0": "Out-of-fold mean of the response (class 0) grouped by: ['tweet'] using 5 folds [internal:(10, 3, 10)]",
        "0_CVTE:tweet.1": "Out-of-fold mean of the response (class 1) grouped by: ['tweet'] using 5 folds [internal:(10, 3, 10)]",
        "0_CVTE:tweet.2": "Out-of-fold mean of the response (class 2) grouped by: ['tweet'] using 5 folds [internal:(10, 3, 10)]",
        "1_TEXTCHARCNN_TE:tweet.0": "Predicted probabilities of class #1 based on TEXTCHARCNN model on text column ['tweet'] (embeddings trained from scratch), trained for 2 epochs",
        "1_TEXTCHARCNN_TE:tweet.1": "Predicted probabilities of class #2 based on TEXTCHARCNN model on text column ['tweet'] (embeddings trained from scratch), trained for 2 epochs",
        "1_TEXTCHARCNN_TE:tweet.2": "Predicted probabilities of class #3 based on TEXTCHARCNN model on text column ['tweet'] (embeddings trained from scratch), trained for 2 epochs",
        "2_Txt:tweet.0": "Feature #1 of tf-idf-based word embedding  (followed by dimensionality reduction to 50 dimensions) of 'tweet' [internal:(True, 2, 50)]",
        "2_Txt:tweet.1": "Feature #2 of tf-idf-based word embedding  (followed by dimensionality reduction to 50 dimensions) of 'tweet' [internal:(True, 2, 50)]",
        "2_Txt:tweet.10": "Feature #11 of tf-idf-based word embedding  (followed by dimensionality reduction to 50 dimensions) of 'tweet' [internal:(True, 2, 50)]",
        "2_Txt:tweet.11": "Feature #12 of tf-idf-based word embedding  (followed by dimensionality reduction to 50 dimensions) of 'tweet' [internal:(True, 2, 50)]",
        "2_Txt:tweet.12": "Feature #13 of tf-idf-based word embedding  (followed by dimensionality reduction to 50 dimensions) of 'tweet' [internal:(True, 2, 50)]",
        "2_Txt:tweet.13": "Feature #14 of tf-idf-based word embedding  (followed by dimensionality reduction to 50 dimensions) of 'tweet' [internal:(True, 2, 50)]",
        "2_Txt:tweet.14": "Feature #15 of tf-idf-based word embedding  (followed by dimensionality reduction to 50 dimensions) of 'tweet' [internal:(True, 2, 50)]",
        "2_Txt:tweet.15": "Feature #16 of tf-idf-based word embedding  (followed by dimensionality reduction to 50 dimensions) of 'tweet' [internal:(True, 2, 50)]",
        "2_Txt:tweet.16": "Feature #17 of tf-idf-based word embedding  (followed by dimensionality reduction to 50 dimensions) of 'tweet' [internal:(True, 2, 50)]",
        "2_Txt:tweet.17": "Feature #18 of tf-idf-based word embedding  (followed by dimensionality reduction to 50 dimensions) of 'tweet' [internal:(True, 2, 50)]",
        "2_Txt:tweet.18": "Feature #19 of tf-idf-based word embedding  (followed by dimensionality reduction to 50 dimensions) of 'tweet' [internal:(True, 2, 50)]",
        "2_Txt:tweet.19": "Feature #20 of tf-idf-based word embedding  (followed by dimensionality reduction to 50 dimensions) of 'tweet' [internal:(True, 2, 50)]",
        "2_Txt:tweet.2": "Feature #3 of tf-idf-based word embedding  (followed by dimensionality reduction to 50 dimensions) of 'tweet' [internal:(True, 2, 50)]",