{
    "Coefficient": {
        "0_CVTE:tweet.0": 0.4182630777,
        "0_CVTE:tweet.1": 0.3059262633,
        "0_CVTE:tweet.2": 0.2992454171,
        "1_TEXTCHARCNN_TE:tweet.0": 1.0637266636,
        "1_TEXTCHARCNN_TE:tweet.1": 1.1214512587,
        "1_TEXTCHARCNN_TE:tweet.2": 0.9191411734,
        "2_Txt:tweet.0": 1.4360117912,
        "2_Txt:tweet.1": 1.1635622978,
        "2_Txt:tweet.10": 1.1016476154,
        "2_Txt:tweet.11": 1.1959154606,
        "2_Txt:tweet.12": 1.0156984329,
        "2_Txt:tweet.13": 1.0672328472,
        "2_Txt:tweet.14": 1.4067633152,
        "2_Txt:tweet.15": 1.0190411806,
        "2_Txt:tweet.16": 1.234234333,
        "2_Txt:tweet.17": 1.125559926,
        "2_Txt:tweet.18": 1.1777994633,
        "2_Txt:tweet.19": 1.3521820307,
        "2_Txt:tweet.2": 1.1890513897,
        "2_Txt:tweet.20": 1.4637739658,
        "2_Txt:tweet.21": 1.1625028849,
        "2_Txt:tweet.22": 1.1715384722,
        "2_Txt:tweet.23": 1.141099453,
        "2_Txt:tweet.24": 0.9981450438,
        "2_Txt:tweet.25": 1.2187160254,
        "2_Txt:tweet.26": 1.0002728701,
        "2_Txt:tweet.27": 1.0872187614,
        "2_Txt:tweet.28": 1.3433996439,
        "2_Txt:tweet.29": 1.135717392,
        "2_Txt:tweet.3": 2.5656561852,
        "2_Txt:tweet.30": 1.0321576595,
        "2_Txt:tweet.31": 1.2611733675,
        "2_Txt:tweet.32": 1.1851018667,
        "2_Txt:tweet.33": 1.2654247284,
        "2_Txt:tweet.34": 1.1262203455,
        "2_Txt:tweet.35": 1.227938056,
        "2_Txt:tweet.36": 0.9947553873,
        "2_Txt:tweet.37": 1.1882736683,
        "2_Txt:tweet.38": 1.099404335,
        "2_Txt:tweet.39": 1.3060275316,
        "2_Txt:tweet.4": 1.9317047596,
        "2_Txt:tweet.40": 1.1762434244,
        "2_Txt:tweet.41": 1.092634201,
        "2_Txt:tweet.42": 1.4262189865,
        "2_Txt:tweet.43": 0.9969157577,
        "2_Txt:tweet.44": 1.2574403286,
        "2_Txt:tweet.45": 1.164473176,
        "2_Txt:tweet.46": 1.1140524149,
        "2_Txt:tweet.47": 1.2168402672,
        "2_Txt:tweet.48": 1.0326550007,
        "2_Txt:tweet.49": 1.1534733772,
        "2_Txt:tweet.5": 1.4543856382,
        "2_Txt:tweet.6": 1.2973718643,
        "2_Txt:tweet.7": 1.2419555187,
        "2_Txt:tweet.8": 1.2336540222,
        "2_Txt:tweet.9": 1.0972311497,
        "3_TEXTCNN_TE:tweet.0": 1.8826087713,
        "3_TEXTCNN_TE:tweet.1": 2.9317097664,
        "3_TEXTCNN_TE:tweet.2": 2.5189445019
    },
    "Shift of Coefficient": {
        "0_CVTE:tweet.0": -0.124045372,
        "0_CVTE:tweet.1": -0.2199225426,
        "0_CVTE:tweet.2": -0.1103001535,
        "1_TEXTCHARCNN_TE:tweet.0": -0.4117155075,
        "1_TEXTCHARCNN_TE:tweet.1": -0.4085509777,
        "1_TEXTCHARCNN_TE:tweet.2": -0.6151211262,
        "2_Txt:tweet.0": -0.7107205391,
        "2_Txt:tweet.1": -0.7000486851,
        "2_Txt:tweet.10": -0.6440529823,
        "2_Txt:tweet.11": -0.4348530769,
        "2_Txt:tweet.12": -0.6093393564,
        "2_Txt:tweet.13": -0.4499926567,
        "2_Txt:tweet.14": -0.2237244844,
        "2_Txt:tweet.15": -0.4517428875,
        "2_Txt:tweet.16": -0.5070544481,
        "2_Txt:tweet.17": -0.7907729149,
        "2_Txt:tweet.18": -0.6572597027,
        "2_Txt:tweet.19": -0.5038284063,
        "2_Txt:tweet.2": -0.3844118118,
        "2_Txt:tweet.20": -0.5296849012,
        "2_Txt:tweet.21": -0.7418932915,
        "2_Txt:tweet.22": -0.2704145908,
        "2_Txt:tweet.23": -0.7263231277,
        "2_Txt:tweet.24": -0.4117487073,
        "2_Txt:tweet.25": -0.2671135664,
        "2_Txt:tweet.26": -0.462639451,
        "2_Txt:tweet.27": -0.4660000801,
        "2_Txt:tweet.28": -0.2582837343,
        "2_Txt:tweet.29": -0.7071406841,
        "2_Txt:tweet.3": -1.5953741074,
        "2_Txt:tweet.30": -0.37809062,
        "2_Txt:tweet.31": -0.5125249624,
        "2_Txt:tweet.32": -0.4973067045,
        "2_Txt:tweet.33": -0.4432413578,
        "2_Txt:tweet.34": -0.4946631193,
        "2_Txt:tweet.35": -0.3406504393,
        "2_Txt:tweet.36": -0.7665573359,
        "2_Txt:tweet.37": -0.3147617579,
        "2_Txt:tweet.38": -0.3648085594,
        "2_Txt:tweet.39": -0.684877038,
        "2_Txt:tweet.4": -1.5514798164,
        "2_Txt:tweet.40": -0.3846503496,
        "2_Txt:tweet.41": -0.4670859575,
        "2_Txt:tweet.42": -0.7408595085,
        "2_Txt:tweet.43": -0.4402622581,
        "2_Txt:tweet.44": -0.3722293377,
        "2_Txt:tweet.45": -0.4210131168,
        "2_Txt:tweet.46": -0.5144611597,
        "2_Txt:tweet.47": -0.1297280788,
        "2_Txt:tweet.48": -0.6151680946,
        "2_Txt:tweet.49": -0.5003464222,
        "2_Txt:tweet.5": -0.9005242586,
        "2_Txt:tweet.6": -0.5853044987,
        "2_Txt:tweet.7": -0.4232696295,
        "2_Txt:tweet.8": -0.8270561695,
        "2_Txt:tweet.9": -0.6592715979,
        "3_TEXTCNN_TE:tweet.0": -0.7511168718,
        "3_TEXTCNN_TE:tweet.1": -2.5533647537,
        "3_TEXTCNN_TE:tweet.2": -0.2493188381
    },
    "Description": {
        "0_CVTE:tweet.0": "Out-of-fold mean of the response (class 0) grouped by: ['tweet'] using 5 folds [internal:(10, 3, 10)]",
        "0_CVTE:tweet.1": "Out-of-fold mean of the response (class 1) grouped by: ['tweet'] using 5 folds [internal:(10, 3, 10)]",
        "0_CVTE:tweet.2": "Out-of-fold mean of the response (class 2) grouped by: ['tweet'] using 5 folds [internal:(10, 3, 10)]",
        "1_TEXTCHARCNN_TE:tweet.0": "Predicted probabilities of class #1 based on TEXTCHARCNN model on text column ['tweet'] (embeddings trained from scratch), trained for 2 epochs",
        "1_TEXTCHARCNN_TE:tweet.1": "Predicted probabilities of class #2 based on TEXTCHARCNN model on text column ['tweet'] (embeddings trained from scratch), trained for 2 epochs",
        "1_TEXTCHARCNN_TE:tweet.2": "Predicted probabilities of class #3 based on TEXTCHARCNN model on text column ['tweet'] (embeddings trained from scratch), trained for 2 epochs",
        "2_Txt:tweet.0": "Feature #1 of tf-idf-based word embedding  (followed by dimensionality reduction to 50 dimensions) of 'tweet' [internal:(True, 2, 50)]",
        "2_Txt:tweet.1": "Feature #2 of tf-idf-based word embedding  (followed by dimensionality reduction to 50 dimensions) of 'tweet' [internal:(True, 2, 50)]",
        "2_Txt:tweet.10": "Feature #11 of tf-idf-based word embedding  (followed by dimensionality reduction to 50 dimensions) of 'tweet' [internal:(True, 2, 50)]",
        "2_Txt:tweet.11": "Feature #12 of tf-idf-based word embedding  (followed by dimensionality reduction to 50 dimensions) of 'tweet' [internal:(True, 2, 50)]",
        "2_Txt:tweet.12": "Feature #13 of tf-idf-based word embedding  (followed by dimensionality reduction to 50 dimensions) of 'tweet' [internal:(True, 2, 50)]",
        "2_Txt:tweet.13": "Feature #14 of tf-idf-based word embedding  (followed by dimensionality reduction to 50 dimensions) of 'tweet' [internal:(True, 2, 50)]",
        "2_Txt:tweet.14": "Feature #15 of tf-idf-based word embedding  (followed by dimensionality reduction to 50 dimensions) of 'tweet' [internal:(True, 2, 50)]",
        "2_Txt:tweet.15": "Feature #16 of tf-idf-based word embedding  (followed by dimensionality reduction to 50 dimensions) of 'tweet' [internal:(True, 2, 50)]",
        "2_Txt:tweet.16": "Feature #17 of tf-idf-based word embedding  (followed by dimensionality reduction to 50 dimensions) of 'tweet' [internal:(True, 2, 50)]",
        "2_Txt:tweet.17": "Feature #18 of tf-idf-based word embedding  (followed by dimensionality reduction to 50 dimensions) of 'tweet' [internal:(True, 2, 50)]",
        "2_Txt:tweet.18": "Feature #19 of tf-idf-based word embedding  (followed by dimensionality reduction to 50 dimensions) of 'tweet' [internal:(True, 2, 50)]",
        "2_Txt:tweet.19": "Feature #20 of tf-idf-based word embedding  (followed by dimensionality reduction to 50 dimensions) of 'tweet' [internal:(True, 2, 50)]",