{
    "Relative Importance": {
        "3_TEXTCNN_TE:tweet.1": 1.0,
        "2_Txt:tweet.3": 0.8751398921,
        "3_TEXTCNN_TE:tweet.2": 0.8592066169,
        "2_Txt:tweet.4": 0.6589003801,
        "3_TEXTCNN_TE:tweet.0": 0.6421538591,
        "2_Txt:tweet.20": 0.4992901981,
        "2_Txt:tweet.5": 0.4960878789,
        "2_Txt:tweet.0": 0.4898205698,
        "2_Txt:tweet.42": 0.4864802659,
        "2_Txt:tweet.14": 0.4798440039,
        "2_Txt:tweet.19": 0.4612264335,
        "2_Txt:tweet.28": 0.4582307637,
        "2_Txt:tweet.39": 0.4454832375,
        "2_Txt:tweet.6": 0.4425308108,
        "2_Txt:tweet.33": 0.4316337109,
        "2_Txt:tweet.31": 0.4301835597,
        "2_Txt:tweet.44": 0.4289102256,
        "2_Txt:tweet.7": 0.4236283898,
        "2_Txt:tweet.16": 0.4209947288,
        "2_Txt:tweet.8": 0.4207967818,
        "2_Txt:tweet.35": 0.418847084,
        "2_Txt:tweet.25": 0.4157014489,
        "2_Txt:tweet.47": 0.4150616527,
        "2_Txt:tweet.11": 0.4079242349,
        "2_Txt:tweet.2": 0.4055829048,
        "2_Txt:tweet.37": 0.4053176343,
        "2_Txt:tweet.32": 0.4042357504,
        "2_Txt:tweet.18": 0.4017449021,
        "2_Txt:tweet.40": 0.4012141526,
        "2_Txt:tweet.22": 0.3996092975,
        "2_Txt:tweet.45": 0.3971993327,
        "2_Txt:tweet.1": 0.3968886435,
        "2_Txt:tweet.21": 0.3965272605,
        "2_Txt:tweet.49": 0.3934473395,
        "2_Txt:tweet.23": 0.3892266154,
        "2_Txt:tweet.29": 0.3873907924,
        "2_Txt:tweet.34": 0.3841513693,
        "2_Txt:tweet.17": 0.3839261234,
        "1_TEXTCHARCNN_TE:tweet.1": 0.3825246394,
        "2_Txt:tweet.46": 0.3800009191,
        "2_Txt:tweet.10": 0.3757696748,
        "2_Txt:tweet.38": 0.3750045002,
        "2_Txt:tweet.9": 0.374263227,
        "2_Txt:tweet.41": 0.3726952076,
        "2_Txt:tweet.27": 0.3708480299,
        "2_Txt:tweet.13": 0.3640308678,
        "1_TEXTCHARCNN_TE:tweet.0": 0.3628349006,
        "2_Txt:tweet.48": 0.3522364497,
        "2_Txt:tweet.30": 0.3520667851,
        "2_Txt:tweet.15": 0.3475928009,
        "2_Txt:tweet.12": 0.3464525938,
        "2_Txt:tweet.26": 0.341190964,
        "2_Txt:tweet.24": 0.3404651582,
        "2_Txt:tweet.43": 0.3400458694,
        "2_Txt:tweet.36": 0.3393089473,
        "1_TEXTCHARCNN_TE:tweet.2": 0.3135171235,
        "0_CVTE:tweet.0": 0.1426686496,
        "0_CVTE:tweet.1": 0.1043507978,
        "0_CVTE:tweet.2": 0.1020719782
    },
    "Shift of Relative Importance": {
        "3_TEXTCNN_TE:tweet.1": 0.0,
        "2_Txt:tweet.3": 0.1165302992,
        "3_TEXTCNN_TE:tweet.2": 0.3545164466,
        "2_Txt:tweet.4": 0.0238708258,
        "3_TEXTCNN_TE:tweet.0": 0.161991626,
        "2_Txt:tweet.20": 0.1358568668,
        "2_Txt:tweet.5": 0.0667573512,
        "2_Txt:tweet.0": 0.0984435081,
        "2_Txt:tweet.42": 0.0913938284,
        "2_Txt:tweet.14": 0.182585001,
        "2_Txt:tweet.19": 0.1228517294,
        "2_Txt:tweet.28": 0.1662231684,
        "2_Txt:tweet.39": 0.0825155973,
        "2_Txt:tweet.6": 0.0992945731,
        "2_Txt:tweet.33": 0.1201218069,
        "2_Txt:tweet.31": 0.1068154275,
        "2_Txt:tweet.44": 0.1318003833,
        "2_Txt:tweet.7": 0.120036304,
        "2_Txt:tweet.16": 0.1035352647,
        "2_Txt:tweet.8": 0.0451026857,
        "2_Txt:tweet.35": 0.1328731179,
        "2_Txt:tweet.25": 0.1448155046,
        "2_Txt:tweet.47": 0.1695648283,
        "2_Txt:tweet.11": 0.1106140614,
        "2_Txt:tweet.2": 0.1187202334,
        "2_Txt:tweet.37": 0.1312948465,
        "2_Txt:tweet.32": 0.0975109041,
        "2_Txt:tweet.18": 0.0671899021,
        "2_Txt:tweet.40": 0.1166430414,
        "2_Txt:tweet.22": 0.1367226243,
        "2_Txt:tweet.45": 0.1081446707,
        "2_Txt:tweet.1": 0.0571282804,
        "2_Txt:tweet.21": 0.049331218,
        "2_Txt:tweet.49": 0.0919346213,
        "2_Txt:tweet.23": 0.0487713218,
        "2_Txt:tweet.29": 0.0514139533,
        "2_Txt:tweet.34": 0.0886433721,
        "2_Txt:tweet.17": 0.0345538855,
        "1_TEXTCHARCNN_TE:tweet.1": 0.1035854518,
        "2_Txt:tweet.46": 0.0831018388,
        "2_Txt:tweet.10": 0.0575058758,
        "2_Txt:tweet.38": 0.1080595553,
        "2_Txt:tweet.9": 0.0540300608,
        "2_Txt:tweet.41": 0.0883380473,
        "2_Txt:tweet.27": 0.0876761675,
        "2_Txt:tweet.13": 0.0874210298,
        "1_TEXTCHARCNN_TE:tweet.0": 0.093842715,
        "2_Txt:tweet.48": 0.0518169999,
        "2_Txt:tweet.30": 0.0949603021,
        "2_Txt:tweet.15": 0.0794498622,
        "2_Txt:tweet.12": 0.0501872003,
        "2_Txt:tweet.26": 0.0744831264,
        "2_Txt:tweet.24": 0.0834232867,
        "2_Txt:tweet.43": 0.078029722,
        "2_Txt:tweet.36": 0.0181988776,
        "1_TEXTCHARCNN_TE:tweet.2": 0.0338012576,
        "0_CVTE:tweet.0": 0.0437988043,
        "0_CVTE:tweet.1": 0.0084817633,
        "0_CVTE:tweet.2": 0.0274065286
    },
    "Description": {
        "3_TEXTCNN_TE:tweet.1": "Predicted probabilities of class #2 based on TEXTCNN model on text column ['tweet'] (embeddings trained from scratch), trained for 2 epochs",
        "2_Txt:tweet.3": "Feature #4 of tf-idf-based word embedding  (followed by dimensionality reduction to 50 dimensions) of 'tweet' [internal:(True, 2, 50)]",
        "3_TEXTCNN_TE:tweet.2": "Predicted probabilities of class #3 based on TEXTCNN model on text column ['tweet'] (embeddings trained from scratch), trained for 2 epochs",
        "2_Txt:tweet.4": "Feature #5 of tf-idf-based word embedding  (followed by dimensionality reduction to 50 dimensions) of 'tweet' [internal:(True, 2, 50)]",
        "3_TEXTCNN_TE:tweet.0": "Predicted probabilities of class #1 based on TEXTCNN model on text column ['tweet'] (embeddings trained from scratch), trained for 2 epochs",
        "2_Txt:tweet.20": "Feature #21 of tf-idf-based word embedding  (followed by dimensionality reduction to 50 dimensions) of 'tweet' [internal:(True, 2, 50)]",
        "2_Txt:tweet.5": "Feature #6 of tf-idf-based word embedding  (followed by dimensionality reduction to 50 dimensions) of 'tweet' [internal:(True, 2, 50)]",
        "2_Txt:tweet.0": "Feature #1 of tf-idf-based word embedding  (followed by dimensionality reduction to 50 dimensions) of 'tweet' [internal:(True, 2, 50)]",
        "2_Txt:tweet.42": "Feature #43 of tf-idf-based word embedding  (followed by dimensionality reduction to 50 dimensions) of 'tweet' [internal:(True, 2, 50)]",
        "2_Txt:tweet.14": "Feature #15 of tf-idf-based word embedding  (followed by dimensionality reduction to 50 dimensions) of 'tweet' [internal:(True, 2, 50)]",
        "2_Txt:tweet.19": "Feature #20 of tf-idf-based word embedding  (followed by dimensionality reduction to 50 dimensions) of 'tweet' [internal:(True, 2, 50)]",
        "2_Txt:tweet.28": "Feature #29 of tf-idf-based word embedding  (followed by dimensionality reduction to 50 dimensions) of 'tweet' [internal:(True, 2, 50)]",
        "2_Txt:tweet.39": "Feature #40 of tf-idf-based word embedding  (followed by dimensionality reduction to 50 dimensions) of 'tweet' [internal:(True, 2, 50)]",
        "2_Txt:tweet.6": "Feature #7 of tf-idf-based word embedding  (followed by dimensionality reduction to 50 dimensions) of 'tweet' [internal:(True, 2, 50)]",
        "2_Txt:tweet.33": "Feature #34 of tf-idf-based word embedding  (followed by dimensionality reduction to 50 dimensions) of 'tweet' [internal:(True, 2, 50)]",
        "2_Txt:tweet.31": "Feature #32 of tf-idf-based word embedding  (followed by dimensionality reduction to 50 dimensions) of 'tweet' [internal:(True, 2, 50)]",
        "2_Txt:tweet.44": "Feature #45 of tf-idf-based word embedding  (followed by dimensionality reduction to 50 dimensions) of 'tweet' [internal:(True, 2, 50)]",
        "2_Txt:tweet.7": "Feature #8 of tf-idf-based word embedding  (followed by dimensionality reduction to 50 dimensions) of 'tweet' [internal:(True, 2, 50)]",