{
    "gain": {
        "0.01": 0.0278481013,
        "0.02": 0.0518987342,
        "0.03": 0.0797468354,
        "0.04": 0.1025316456,
        "0.05": 0.1240506329,
        "0.1": 0.2329113924,
        "0.15": 0.3316455696,
        "0.2": 0.4189873418,
        "0.3": 0.5708860759,
        "0.4": 0.6911392405,
        "0.5": 0.7886075949,
        "0.6": 0.8556962025,
        "0.7": 0.9075949367,
        "0.8": 0.9481012658,
        "0.9": 0.9835443038,
        "1.0": 1.0
    },
    "lift": {
        "0.01": 2.7848101266,
        "0.02": 2.5949367089,
        "0.03": 2.6582278481,
        "0.04": 2.5632911392,
        "0.05": 2.4810126582,
        "0.1": 2.3291139241,
        "0.15": 2.2109704641,
        "0.2": 2.0949367089,
        "0.3": 1.9029535865,
        "0.4": 1.7278481013,
        "0.5": 1.5772151899,
        "0.6": 1.4261603376,
        "0.7": 1.2965641953,
        "0.8": 1.1851265823,
        "0.9": 1.0928270042,
        "1.0": 1.0
    },
    "k-s": {
        "0.01": 0.0272151899,
        "0.02": 0.0481012658,
        "0.03": 0.0746835443,
        "0.04": 0.0943037975,
        "0.05": 0.1113924051,
        "0.1": 0.1993670886,
        "0.15": 0.2727848101,
        "0.2": 0.3284810127,
        "0.3": 0.4063291139,
        "0.4": 0.4367088608,
        "0.5": 0.4329113924,
        "0.6": 0.3835443038,
        "0.7": 0.3113924051,
        "0.8": 0.2221518987,
        "0.9": 0.1253164557,
        "1.0": 0.0
    }
}