{
    "Relative Importance": {
        "3_TEXTCNN_TE:tweet.1": 1.0,
        "2_Txt:tweet.3": 0.8751398921,
        "3_TEXTCNN_TE:tweet.2": 0.8592066169,
        "2_Txt:tweet.4": 0.6589003801,
        "3_TEXTCNN_TE:tweet.0": 0.6421538591,
        "2_Txt:tweet.20": 0.4992901981,
        "2_Txt:tweet.5": 0.4960878789,
        "2_Txt:tweet.0": 0.4898205698,
        "2_Txt:tweet.42": 0.4864802659,
        "2_Txt:tweet.14": 0.4798440039,
        "2_Txt:tweet.19": 0.4612264335,
        "2_Txt:tweet.28": 0.4582307637,
        "2_Txt:tweet.39": 0.4454832375,
        "2_Txt:tweet.6": 0.4425308108,
        "2_Txt:tweet.33": 0.4316337109,
        "2_Txt:tweet.31": 0.4301835597,
        "2_Txt:tweet.44": 0.4289102256,
        "2_Txt:tweet.7": 0.4236283898,
        "2_Txt:tweet.16": 0.4209947288,
        "2_Txt:tweet.8": 0.4207967818,
        "2_Txt:tweet.35": 0.418847084,
        "2_Txt:tweet.25": 0.4157014489,
        "2_Txt:tweet.47": 0.4150616527,
        "2_Txt:tweet.11": 0.4079242349,
        "2_Txt:tweet.2": 0.4055829048,
        "2_Txt:tweet.37": 0.4053176343,
        "2_Txt:tweet.32": 0.4042357504,
        "2_Txt:tweet.18": 0.4017449021,
        "2_Txt:tweet.40": 0.4012141526,
        "2_Txt:tweet.22": 0.3996092975,
        "2_Txt:tweet.45": 0.3971993327,
        "2_Txt:tweet.1": 0.3968886435,
        "2_Txt:tweet.21": 0.3965272605,
        "2_Txt:tweet.49": 0.3934473395,
        "2_Txt:tweet.23": 0.3892266154,
        "2_Txt:tweet.29": 0.3873907924,
        "2_Txt:tweet.34": 0.3841513693,
        "2_Txt:tweet.17": 0.3839261234,
        "1_TEXTCHARCNN_TE:tweet.1": 0.3825246394,
        "2_Txt:tweet.46": 0.3800009191,
        "2_Txt:tweet.10": 0.3757696748,
        "2_Txt:tweet.38": 0.3750045002,
        "2_Txt:tweet.9": 0.374263227,
        "2_Txt:tweet.41": 0.3726952076,
        "2_Txt:tweet.27": 0.3708480299,
        "2_Txt:tweet.13": 0.3640308678,
        "1_TEXTCHARCNN_TE:tweet.0": 0.3628349006,
        "2_Txt:tweet.48": 0.3522364497,
        "2_Txt:tweet.30": 0.3520667851,
        "2_Txt:tweet.15": 0.3475928009,
        "2_Txt:tweet.12": 0.3464525938,
        "2_Txt:tweet.26": 0.341190964,
        "2_Txt:tweet.24": 0.3404651582,
        "2_Txt:tweet.43": 0.3400458694,
        "2_Txt:tweet.36": 0.3393089473,
        "1_TEXTCHARCNN_TE:tweet.2": 0.3135171235,
        "0_CVTE:tweet.0": 0.1426686496,
        "0_CVTE:tweet.1": 0.1043507978,
        "0_CVTE:tweet.2": 0.1020719782
    },
    "Standard Deviation of Relative Importance": {
        "3_TEXTCNN_TE:tweet.1": 0.0394274518,
        "2_Txt:tweet.3": 0.1827963442,
        "3_TEXTCNN_TE:tweet.2": 0.0568709224,
        "2_Txt:tweet.4": 0.271724999,
        "3_TEXTCNN_TE:tweet.0": 0.2068420053,
        "2_Txt:tweet.20": 0.1471390575,
        "2_Txt:tweet.5": 0.0670249462,
        "2_Txt:tweet.0": 0.068631202,
        "2_Txt:tweet.42": 0.1295240074,
        "2_Txt:tweet.14": 0.0511800721,
        "2_Txt:tweet.19": 0.085069783,
        "2_Txt:tweet.28": 0.0432788096,
        "2_Txt:tweet.39": 0.0276154988,
        "2_Txt:tweet.6": 0.0121593075,
        "2_Txt:tweet.33": 0.0883363038,
        "2_Txt:tweet.31": 0.0406460017,
        "2_Txt:tweet.44": 0.061052151,
        "2_Txt:tweet.7": 0.0391807072,
        "2_Txt:tweet.16": 0.1137373969,
        "2_Txt:tweet.8": 0.1006698757,
        "2_Txt:tweet.35": 0.0378765464,
        "2_Txt:tweet.25": 0.0179257933,
        "2_Txt:tweet.47": 0.0856259018,
        "2_Txt:tweet.11": 0.039893616,
        "2_Txt:tweet.2": 0.0347972326,
        "2_Txt:tweet.37": 0.0375326537,
        "2_Txt:tweet.32": 0.0111480914,
        "2_Txt:tweet.18": 0.0211604703,
        "2_Txt:tweet.40": 0.0821595713,
        "2_Txt:tweet.22": 0.1043828875,
        "2_Txt:tweet.45": 0.0378729999,
        "2_Txt:tweet.1": 0.0578940399,
        "2_Txt:tweet.21": 0.1057906374,
        "2_Txt:tweet.49": 0.0555588417,
        "2_Txt:tweet.23": 0.0521225743,
        "2_Txt:tweet.29": 0.0397378281,
        "2_Txt:tweet.34": 0.0119703515,
        "2_Txt:tweet.17": 0.0334648639,
        "1_TEXTCHARCNN_TE:tweet.1": 0.1271947473,
        "2_Txt:tweet.46": 0.0202441067,
        "2_Txt:tweet.10": 0.0106395558,
        "2_Txt:tweet.38": 0.0433775261,
        "2_Txt:tweet.9": 0.0648670495,
        "2_Txt:tweet.41": 0.0509056374,
        "2_Txt:tweet.27": 0.0585606508,
        "2_Txt:tweet.13": 0.0104584498,
        "1_TEXTCHARCNN_TE:tweet.0": 0.0519044846,
        "2_Txt:tweet.48": 0.0494265705,
        "2_Txt:tweet.30": 0.0637789965,
        "2_Txt:tweet.15": 0.0772161633,
        "2_Txt:tweet.12": 0.0508456193,
        "2_Txt:tweet.26": 0.035069894,
        "2_Txt:tweet.24": 0.0704753697,
        "2_Txt:tweet.43": 0.0149260256,
        "2_Txt:tweet.36": 0.0590216555,
        "1_TEXTCHARCNN_TE:tweet.2": 0.070680961,
        "0_CVTE:tweet.0": 0.0310774557,
        "0_CVTE:tweet.1": 0.0152219525,
        "0_CVTE:tweet.2": 0.0239067264
    },
    "Description": {
        "3_TEXTCNN_TE:tweet.1": "Predicted probabilities of class #2 based on TEXTCNN model on text column ['tweet'] (embeddings trained from scratch), trained for 2 epochs",
        "2_Txt:tweet.3": "Feature #4 of tf-idf-based word embedding  (followed by dimensionality reduction to 50 dimensions) of 'tweet' [internal:(True, 2, 50)]",
        "3_TEXTCNN_TE:tweet.2": "Predicted probabilities of class #3 based on TEXTCNN model on text column ['tweet'] (embeddings trained from scratch), trained for 2 epochs",
        "2_Txt:tweet.4": "Feature #5 of tf-idf-based word embedding  (followed by dimensionality reduction to 50 dimensions) of 'tweet' [internal:(True, 2, 50)]",
        "3_TEXTCNN_TE:tweet.0": "Predicted probabilities of class #1 based on TEXTCNN model on text column ['tweet'] (embeddings trained from scratch), trained for 2 epochs",
        "2_Txt:tweet.20": "Feature #21 of tf-idf-based word embedding  (followed by dimensionality reduction to 50 dimensions) of 'tweet' [internal:(True, 2, 50)]",
        "2_Txt:tweet.5": "Feature #6 of tf-idf-based word embedding  (followed by dimensionality reduction to 50 dimensions) of 'tweet' [internal:(True, 2, 50)]",
        "2_Txt:tweet.0": "Feature #1 of tf-idf-based word embedding  (followed by dimensionality reduction to 50 dimensions) of 'tweet' [internal:(True, 2, 50)]",
        "2_Txt:tweet.42": "Feature #43 of tf-idf-based word embedding  (followed by dimensionality reduction to 50 dimensions) of 'tweet' [internal:(True, 2, 50)]",
        "2_Txt:tweet.14": "Feature #15 of tf-idf-based word embedding  (followed by dimensionality reduction to 50 dimensions) of 'tweet' [internal:(True, 2, 50)]",
        "2_Txt:tweet.19": "Feature #20 of tf-idf-based word embedding  (followed by dimensionality reduction to 50 dimensions) of 'tweet' [internal:(True, 2, 50)]",
        "2_Txt:tweet.28": "Feature #29 of tf-idf-based word embedding  (followed by dimensionality reduction to 50 dimensions) of 'tweet' [internal:(True, 2, 50)]",
        "2_Txt:tweet.39": "Feature #40 of tf-idf-based word embedding  (followed by dimensionality reduction to 50 dimensions) of 'tweet' [internal:(True, 2, 50)]",
        "2_Txt:tweet.6": "Feature #7 of tf-idf-based word embedding  (followed by dimensionality reduction to 50 dimensions) of 'tweet' [internal:(True, 2, 50)]",
        "2_Txt:tweet.33": "Feature #34 of tf-idf-based word embedding  (followed by dimensionality reduction to 50 dimensions) of 'tweet' [internal:(True, 2, 50)]",
        "2_Txt:tweet.31": "Feature #32 of tf-idf-based word embedding  (followed by dimensionality reduction to 50 dimensions) of 'tweet' [internal:(True, 2, 50)]",
        "2_Txt:tweet.44": "Feature #45 of tf-idf-based word embedding  (followed by dimensionality reduction to 50 dimensions) of 'tweet' [internal:(True, 2, 50)]",
        "2_Txt:tweet.7": "Feature #8 of tf-idf-based word embedding  (followed by dimensionality reduction to 50 dimensions) of 'tweet' [internal:(True, 2, 50)]",