{
    "0": {
        "Threshold (max F1 score)": "argmax",
        "Population": 1842,
        "P: Condition positive": 364,
        "N: Condition negative": 1478,
        "Test outcome positive": 86,
        "Test outcome negative": 1756,
        "TP: True Positive": 39,
        "TN: True Negative": 1431,
        "FP: False Positive": 47,
        "FN: False Negative": 325,
        "TPR: (Sensitivity, hit rate, recall)": 0.1071428571,
        "TNR=SPC: (Specificity)": 0.9682002706,
        "PPV: Pos Pred Value (Precision)": 0.4534883721,
        "NPV: Neg Pred Value": 0.8149202733,
        "FPR: False-out": 0.0317997294,
        "FDR: False Discovery Rate": 0.5465116279,
        "FNR: Miss Rate": 0.8928571429,
        "ACC: Accuracy": 0.7980456026,
        "F1 score": 0.1733333333,
        "MCC: Matthews correlation coefficient": 0.1422067047,
        "Informedness": 0.0753431278,
        "Markedness": 0.2684086454,
        "Prevalence": 0.1976112921,
        "LR+: Positive likelihood ratio": 3.3693009119,
        "LR-: Negative likelihood ratio": 0.9221822901,
        "DOR: Diagnostic odds ratio": 3.6536170213,
        "FOR: False omission rate": 0.1850797267
    },
    "1": {
        "Threshold (max F1 score)": "argmax",
        "Population": 1842,
        "P: Condition positive": 451,
        "N: Condition negative": 1391,
        "Test outcome positive": 389,
        "Test outcome negative": 1453,
        "TP: True Positive": 226,
        "TN: True Negative": 1228,
        "FP: False Positive": 163,
        "FN: False Negative": 225,
        "TPR: (Sensitivity, hit rate, recall)": 0.5011086475,
        "TNR=SPC: (Specificity)": 0.8828181165,
        "PPV: Pos Pred Value (Precision)": 0.5809768638,
        "NPV: Neg Pred Value": 0.8451479697,
        "FPR: False-out": 0.1171818835,
        "FDR: False Discovery Rate": 0.4190231362,
        "FNR: Miss Rate": 0.4988913525,
        "ACC: Accuracy": 0.789359392,
        "F1 score": 0.5380952381,
        "MCC: Matthews correlation coefficient": 0.4044758687,
        "Informedness": 0.3839267639,
        "Markedness": 0.4261248335,
        "Prevalence": 0.2448425624,
        "LR+: Positive likelihood ratio": 4.2763320773,
        "LR-: Negative likelihood ratio": 0.5651122731,
        "DOR: Diagnostic odds ratio": 7.5672256305,
        "FOR: False omission rate": 0.1548520303
    },
    "2": {
        "Threshold (max F1 score)": "argmax",
        "Population": 1842,
        "P: Condition positive": 1027,
        "N: Condition negative": 815,
        "Test outcome positive": 1367,
        "Test outcome negative": 475,
        "TP: True Positive": 905,
        "TN: True Negative": 353,
        "FP: False Positive": 462,
        "FN: False Negative": 122,
        "TPR: (Sensitivity, hit rate, recall)": 0.8812074002,
        "TNR=SPC: (Specificity)": 0.4331288344,
        "PPV: Pos Pred Value (Precision)": 0.6620336503,
        "NPV: Neg Pred Value": 0.7431578947,
        "FPR: False-out": 0.5668711656,
        "FDR: False Discovery Rate": 0.3379663497,
        "FNR: Miss Rate": 0.1187925998,
        "ACC: Accuracy": 0.6829533116,
        "F1 score": 0.7560568087,
        "MCC: Matthews correlation coefficient": 0.3568842733,
        "Informedness": 0.3143362346,
        "Markedness": 0.4051915451,
        "Prevalence": 0.5575461455,
        "LR+: Positive likelihood ratio": 1.55451089,
        "LR-: Negative likelihood ratio": 0.2742662007,
        "DOR: Diagnostic odds ratio": 5.6678908523,
        "FOR: False omission rate": 0.2568421053
    }
}