{
    "Coefficient": {
        "10_TEXTCNN_TE:tweet.0": 3.5188426971,
        "10_TEXTCNN_TE:tweet.1": 5.7895116806,
        "10_TEXTCNN_TE:tweet.2": 3.4221348763,
        "1_Txt:tweet.0": 1.503464222,
        "1_Txt:tweet.1": 0.8975841403,
        "1_Txt:tweet.10": 0.804535687,
        "1_Txt:tweet.11": 1.0575475693,
        "1_Txt:tweet.12": 1.451747179,
        "1_Txt:tweet.13": 1.1535280943,
        "1_Txt:tweet.14": 1.7150620222,
        "1_Txt:tweet.15": 0.9467727542,
        "1_Txt:tweet.16": 1.4898781776,
        "1_Txt:tweet.17": 0.9195085168,
        "1_Txt:tweet.18": 0.7708535194,
        "1_Txt:tweet.19": 1.0386571884,
        "1_Txt:tweet.2": 1.4392188787,
        "1_Txt:tweet.20": 1.1247085333,
        "1_Txt:tweet.21": 0.922796309,
        "1_Txt:tweet.22": 1.5264010429,
        "1_Txt:tweet.23": 1.161362052,
        "1_Txt:tweet.24": 1.2307395935,
        "1_Txt:tweet.25": 1.0244129896,
        "1_Txt:tweet.26": 1.0058879852,
        "1_Txt:tweet.27": 1.1093350649,
        "1_Txt:tweet.28": 1.1998888254,
        "1_Txt:tweet.29": 1.145037055,
        "1_Txt:tweet.3": 2.1040914059,
        "1_Txt:tweet.30": 0.7954172492,
        "1_Txt:tweet.31": 1.0869892836,
        "1_Txt:tweet.32": 0.7706668973,
        "1_Txt:tweet.33": 1.0432747602,
        "1_Txt:tweet.34": 0.9537886977,
        "1_Txt:tweet.35": 0.9983745217,
        "1_Txt:tweet.36": 0.9390326142,
        "1_Txt:tweet.37": 1.2057721615,
        "1_Txt:tweet.38": 0.8990104198,
        "1_Txt:tweet.39": 0.7458947301,
        "1_Txt:tweet.4": 2.882267952,
        "1_Txt:tweet.40": 1.3842105865,
        "1_Txt:tweet.41": 1.2699019909,
        "1_Txt:tweet.42": 0.9341981411,
        "1_Txt:tweet.43": 0.7919818759,
        "1_Txt:tweet.44": 0.9154021144,
        "1_Txt:tweet.45": 0.9123228192,
        "1_Txt:tweet.46": 0.9551999569,
        "1_Txt:tweet.47": 0.9154528975,
        "1_Txt:tweet.48": 0.6537277699,
        "1_Txt:tweet.49": 0.8860592246,
        "1_Txt:tweet.5": 2.2219667435,
        "1_Txt:tweet.6": 1.1433359385,
        "1_Txt:tweet.7": 1.1048363447,
        "1_Txt:tweet.8": 1.0791698694,
        "1_Txt:tweet.9": 0.7697254419,
        "9_TEXTBIGRU_TE:tweet.0": 1.2348504066,
        "9_TEXTBIGRU_TE:tweet.1": 2.6083579063,
        "9_TEXTBIGRU_TE:tweet.2": 1.0486389399
    },
    "Standard Deviation of Coefficient": {
        "10_TEXTCNN_TE:tweet.0": 0.2212723494,
        "10_TEXTCNN_TE:tweet.1": 0.085931398,
        "10_TEXTCNN_TE:tweet.2": 0.0941582471,
        "1_Txt:tweet.0": 0.0625319928,
        "1_Txt:tweet.1": 0.0456747785,
        "1_Txt:tweet.10": 0.0565841757,
        "1_Txt:tweet.11": 0.1063765064,
        "1_Txt:tweet.12": 0.0802619755,
        "1_Txt:tweet.13": 0.0540944822,
        "1_Txt:tweet.14": 0.1512501538,
        "1_Txt:tweet.15": 0.0302069541,
        "1_Txt:tweet.16": 0.1442497075,
        "1_Txt:tweet.17": 0.043361634,
        "1_Txt:tweet.18": 0.0657686368,
        "1_Txt:tweet.19": 0.0874282494,
        "1_Txt:tweet.2": 0.0440990478,
        "1_Txt:tweet.20": 0.092185989,
        "1_Txt:tweet.21": 0.078263551,
        "1_Txt:tweet.22": 0.0743815601,
        "1_Txt:tweet.23": 0.0462930575,
        "1_Txt:tweet.24": 0.0739497766,
        "1_Txt:tweet.25": 0.116598554,
        "1_Txt:tweet.26": 0.064979203,
        "1_Txt:tweet.27": 0.063106522,
        "1_Txt:tweet.28": 0.0809519663,
        "1_Txt:tweet.29": 0.0801590085,
        "1_Txt:tweet.3": 0.0846198872,
        "1_Txt:tweet.30": 0.0427720882,
        "1_Txt:tweet.31": 0.0814171806,
        "1_Txt:tweet.32": 0.0260855239,
        "1_Txt:tweet.33": 0.1131393015,
        "1_Txt:tweet.34": 0.0573160872,
        "1_Txt:tweet.35": 0.0659260526,
        "1_Txt:tweet.36": 0.0511373654,
        "1_Txt:tweet.37": 0.093112193,
        "1_Txt:tweet.38": 0.0789618641,
        "1_Txt:tweet.39": 0.0464977659,
        "1_Txt:tweet.4": 0.1224574,
        "1_Txt:tweet.40": 0.1424947232,
        "1_Txt:tweet.41": 0.1000554711,
        "1_Txt:tweet.42": 0.0544139892,
        "1_Txt:tweet.43": 0.0568604879,
        "1_Txt:tweet.44": 0.0293240156,
        "1_Txt:tweet.45": 0.0412375964,
        "1_Txt:tweet.46": 0.0893758237,
        "1_Txt:tweet.47": 0.0829441771,
        "1_Txt:tweet.48": 0.0263980217,
        "1_Txt:tweet.49": 0.0472613536,
        "1_Txt:tweet.5": 0.0983604044,
        "1_Txt:tweet.6": 0.0813950375,
        "1_Txt:tweet.7": 0.0531229973,
        "1_Txt:tweet.8": 0.093239218,
        "1_Txt:tweet.9": 0.0232605189,
        "9_TEXTBIGRU_TE:tweet.0": 0.0464702398,
        "9_TEXTBIGRU_TE:tweet.1": 0.2141696662,
        "9_TEXTBIGRU_TE:tweet.2": 0.0418424867
    },
    "Description": {
        "10_TEXTCNN_TE:tweet.0": "Predicted probabilities of class #1 based on TEXTCNN model on text column ['tweet'] (embeddings trained from scratch), trained for 2 epochs",
        "10_TEXTCNN_TE:tweet.1": "Predicted probabilities of class #2 based on TEXTCNN model on text column ['tweet'] (embeddings trained from scratch), trained for 2 epochs",
        "10_TEXTCNN_TE:tweet.2": "Predicted probabilities of class #3 based on TEXTCNN model on text column ['tweet'] (embeddings trained from scratch), trained for 2 epochs",
        "1_Txt:tweet.0": "Feature #1 of tf-idf-based word embedding  (followed by dimensionality reduction to 50 dimensions) of 'tweet'",
        "1_Txt:tweet.1": "Feature #2 of tf-idf-based word embedding  (followed by dimensionality reduction to 50 dimensions) of 'tweet'",
        "1_Txt:tweet.10": "Feature #11 of tf-idf-based word embedding  (followed by dimensionality reduction to 50 dimensions) of 'tweet'",
        "1_Txt:tweet.11": "Feature #12 of tf-idf-based word embedding  (followed by dimensionality reduction to 50 dimensions) of 'tweet'",
        "1_Txt:tweet.12": "Feature #13 of tf-idf-based word embedding  (followed by dimensionality reduction to 50 dimensions) of 'tweet'",
        "1_Txt:tweet.13": "Feature #14 of tf-idf-based word embedding  (followed by dimensionality reduction to 50 dimensions) of 'tweet'",
        "1_Txt:tweet.14": "Feature #15 of tf-idf-based word embedding  (followed by dimensionality reduction to 50 dimensions) of 'tweet'",
        "1_Txt:tweet.15": "Feature #16 of tf-idf-based word embedding  (followed by dimensionality reduction to 50 dimensions) of 'tweet'",
        "1_Txt:tweet.16": "Feature #17 of tf-idf-based word embedding  (followed by dimensionality reduction to 50 dimensions) of 'tweet'",
        "1_Txt:tweet.17": "Feature #18 of tf-idf-based word embedding  (followed by dimensionality reduction to 50 dimensions) of 'tweet'",
        "1_Txt:tweet.18": "Feature #19 of tf-idf-based word embedding  (followed by dimensionality reduction to 50 dimensions) of 'tweet'",
        "1_Txt:tweet.19": "Feature #20 of tf-idf-based word embedding  (followed by dimensionality reduction to 50 dimensions) of 'tweet'",
        "1_Txt:tweet.2": "Feature #3 of tf-idf-based word embedding  (followed by dimensionality reduction to 50 dimensions) of 'tweet'",
        "1_Txt:tweet.20": "Feature #21 of tf-idf-based word embedding  (followed by dimensionality reduction to 50 dimensions) of 'tweet'",
        "1_Txt:tweet.21": "Feature #22 of tf-idf-based word embedding  (followed by dimensionality reduction to 50 dimensions) of 'tweet'",
        "1_Txt:tweet.22": "Feature #23 of tf-idf-based word embedding  (followed by dimensionality reduction to 50 dimensions) of 'tweet'",
        "1_Txt:tweet.23": "Feature #24 of tf-idf-based word embedding  (followed by dimensionality reduction to 50 dimensions) of 'tweet'",
        "1_Txt:tweet.24": "Feature #25 of tf-idf-based word embedding  (followed by dimensionality reduction to 50 dimensions) of 'tweet'",
        "1_Txt:tweet.25": "Feature #26 of tf-idf-based word embedding  (followed by dimensionality reduction to 50 dimensions) of 'tweet'",
        "1_Txt:tweet.26": "Feature #27 of tf-idf-based word embedding  (followed by dimensionality reduction to 50 dimensions) of 'tweet'",