{
    "0": {
        "Threshold (max F1 score)": "argmax",
        "Population": 1842,
        "P: Condition positive": 332,
        "N: Condition negative": 1510,
        "Test outcome positive": 73,
        "Test outcome negative": 1769,
        "TP: True Positive": 50,
        "TN: True Negative": 1487,
        "FP: False Positive": 23,
        "FN: False Negative": 282,
        "TPR: (Sensitivity, hit rate, recall)": 0.1506024096,
        "TNR=SPC: (Specificity)": 0.9847682119,
        "PPV: Pos Pred Value (Precision)": 0.6849315068,
        "NPV: Neg Pred Value": 0.8405879028,
        "FPR: False-out": 0.0152317881,
        "FDR: False Discovery Rate": 0.3150684932,
        "FNR: Miss Rate": 0.8493975904,
        "ACC: Accuracy": 0.8344191097,
        "F1 score": 0.2469135802,
        "MCC: Matthews correlation coefficient": 0.26672062,
        "Informedness": 0.1353706216,
        "Markedness": 0.5255194096,
        "Prevalence": 0.1802388708,
        "LR+: Positive likelihood ratio": 9.8873755893,
        "LR-: Negative likelihood ratio": 0.8625355491,
        "DOR: Diagnostic odds ratio": 11.463151403,
        "FOR: False omission rate": 0.1594120972
    },
    "1": {
        "Threshold (max F1 score)": "argmax",
        "Population": 1842,
        "P: Condition positive": 454,
        "N: Condition negative": 1388,
        "Test outcome positive": 351,
        "Test outcome negative": 1491,
        "TP: True Positive": 223,
        "TN: True Negative": 1260,
        "FP: False Positive": 128,
        "FN: False Negative": 231,
        "TPR: (Sensitivity, hit rate, recall)": 0.4911894273,
        "TNR=SPC: (Specificity)": 0.9077809798,
        "PPV: Pos Pred Value (Precision)": 0.6353276353,
        "NPV: Neg Pred Value": 0.8450704225,
        "FPR: False-out": 0.0922190202,
        "FDR: False Discovery Rate": 0.3646723647,
        "FNR: Miss Rate": 0.5088105727,
        "ACC: Accuracy": 0.8051031488,
        "F1 score": 0.5540372671,
        "MCC: Matthews correlation coefficient": 0.4377951676,
        "Informedness": 0.3989704071,
        "Markedness": 0.4803980579,
        "Prevalence": 0.2464712269,
        "LR+: Positive likelihood ratio": 5.3263353524,
        "LR-: Negative likelihood ratio": 0.5604992658,
        "DOR: Diagnostic odds ratio": 9.5028409091,
        "FOR: False omission rate": 0.1549295775
    },
    "2": {
        "Threshold (max F1 score)": "argmax",
        "Population": 1842,
        "P: Condition positive": 1056,
        "N: Condition negative": 786,
        "Test outcome positive": 1418,
        "Test outcome negative": 424,
        "TP: True Positive": 945,
        "TN: True Negative": 313,
        "FP: False Positive": 473,
        "FN: False Negative": 111,
        "TPR: (Sensitivity, hit rate, recall)": 0.8948863636,
        "TNR=SPC: (Specificity)": 0.3982188295,
        "PPV: Pos Pred Value (Precision)": 0.6664315938,
        "NPV: Neg Pred Value": 0.7382075472,
        "FPR: False-out": 0.6017811705,
        "FDR: False Discovery Rate": 0.3335684062,
        "FNR: Miss Rate": 0.1051136364,
        "ACC: Accuracy": 0.6829533116,
        "F1 score": 0.7639450283,
        "MCC: Matthews correlation coefficient": 0.3443861692,
        "Informedness": 0.2931051932,
        "Markedness": 0.404639141,
        "Prevalence": 0.5732899023,
        "LR+: Positive likelihood ratio": 1.4870627523,
        "LR-: Negative likelihood ratio": 0.263959483,
        "DOR: Diagnostic odds ratio": 5.6336780755,
        "FOR: False omission rate": 0.2617924528
    }
}