{
    "index": {
        "0": 0,
        "1": 1,
        "2": 2,
        "3": 3,
        "4": 4,
        "5": 5
    },
    "model_name": {
        "0": "LightGBMModel",
        "1": "LightGBMModel",
        "2": "LightGBMModel",
        "3": "ConstantModel",
        "4": "ConstantModel",
        "5": "ConstantModel"
    },
    "fold_id": {
        "0": 0,
        "1": 1,
        "2": 2,
        "3": 0,
        "4": 1,
        "5": 2
    },
    "model_id": {
        "0": 0,
        "1": 0,
        "2": 0,
        "3": 1,
        "4": 1,
        "5": 1
    },
    "ACCURACY": {
        "0": 0.6634146341,
        "1": 0.671009772,
        "2": 0.6492659054,
        "3": 0.5723577236,
        "4": 0.5732899023,
        "5": 0.5742251223
    },
    "AUC": {
        "0": 0.8106735409,
        "1": 0.8157778862,
        "2": 0.810473988,
        "3": 0.6959349593,
        "4": 0.6962540717,
        "5": 0.6973898858
    },
    "AUCPR": {
        "0": 0.6707161332,
        "1": 0.6726889989,
        "2": 0.6762484066,
        "3": 0.4890290171,
        "4": 0.4896563889,
        "5": 0.4906130273
    },
    "F05": {
        "0": 0.6634146341,
        "1": 0.671009772,
        "2": 0.6492659054,
        "3": 0.5723577236,
        "4": 0.5732899023,
        "5": 0.5742251223
    },
    "F1": {
        "0": 0.6634146341,
        "1": 0.671009772,
        "2": 0.6492659054,
        "3": 0.5723577236,
        "4": 0.5732899023,
        "5": 0.5742251223
    },
    "F2": {
        "0": 0.7142857143,
        "1": 0.7142857143,
        "2": 0.7142857143,
        "3": 0.7142857143,
        "4": 0.7142857143,
        "5": 0.7142857143
    },
    "GINI": {
        "0": 0.6213470818,
        "1": 0.6315557725,
        "2": 0.620947976,
        "3": 0.3918699187,
        "4": 0.3925081433,
        "5": 0.3947797716
    },
    "LOGLOSS": {
        "0": 0.81776809,
        "1": 0.8106016728,
        "2": 0.8230579302,
        "3": 0.973844629,
        "4": 0.9731490895,
        "5": 0.9719428145
    },
    "MACROAUC": {
        "0": 0.7402613538,
        "1": 0.7456823404,
        "2": 0.7464818879,
        "3": 0.5,
        "4": 0.5,
        "5": 0.5
    },
    "MCC": {
        "0": 0.4951219512,
        "1": 0.506514658,
        "2": 0.4738988581,
        "3": 0.3585365854,
        "4": 0.3599348534,
        "5": 0.3613376835
    }
}