{
    "gain": {
        "0.01": 0.0249737844,
        "0.02": 0.0439757904,
        "0.03": 0.0716613674,
        "0.04": 0.0944644761,
        "0.05": 0.11672116,
        "0.1": 0.2361558867,
        "0.15": 0.3387645795,
        "0.2": 0.4408295101,
        "0.3": 0.6150854206,
        "0.4": 0.7372301686,
        "0.5": 0.8213868229,
        "0.6": 0.8751381485,
        "0.7": 0.9153092907,
        "0.8": 0.9516810985,
        "0.9": 0.9804604139,
        "1.0": 1.0
    },
    "lift": {
        "0.01": 2.4973784418,
        "0.02": 2.198789519,
        "0.03": 2.3887122463,
        "0.04": 2.3616119033,
        "0.05": 2.3344231994,
        "0.1": 2.3615588666,
        "0.15": 2.2584305302,
        "0.2": 2.2041475507,
        "0.3": 2.0502847352,
        "0.4": 1.8430754215,
        "0.5": 1.6427736458,
        "0.6": 1.4585635808,
        "0.7": 1.307584701,
        "0.8": 1.1896013732,
        "0.9": 1.0894004598,
        "1.0": 1.0
    },
    "k-s": {
        "0.01": 0.0228013029,
        "0.02": 0.0366449511,
        "0.03": 0.0627035831,
        "0.04": 0.082247557,
        "0.05": 0.1004343105,
        "0.1": 0.2046688382,
        "0.15": 0.2836590662,
        "0.2": 0.3615635179,
        "0.3": 0.4731270358,
        "0.4": 0.5062432139,
        "0.5": 0.4823561346,
        "0.6": 0.4128664495,
        "0.7": 0.3232899023,
        "0.8": 0.2277415852,
        "0.9": 0.1210640608,
        "1.0": 0.0
    }
}