{
    "Relative Importance": {
        "10_TEXTCNN_TE:tweet.1": 1.0,
        "10_TEXTCNN_TE:tweet.0": 0.6077961326,
        "10_TEXTCNN_TE:tweet.2": 0.5910921693,
        "1_Txt:tweet.4": 0.4978430271,
        "9_TEXTBIGRU_TE:tweet.1": 0.4505316019,
        "1_Txt:tweet.5": 0.3837917447,
        "1_Txt:tweet.3": 0.3634315729,
        "1_Txt:tweet.14": 0.2962360382,
        "1_Txt:tweet.22": 0.2636493444,
        "1_Txt:tweet.0": 0.2596875727,
        "1_Txt:tweet.16": 0.2573409081,
        "1_Txt:tweet.12": 0.2507546842,
        "1_Txt:tweet.2": 0.2485907227,
        "1_Txt:tweet.40": 0.2390893549,
        "1_Txt:tweet.41": 0.2193452716,
        "9_TEXTBIGRU_TE:tweet.0": 0.2132909447,
        "1_Txt:tweet.24": 0.2125809044,
        "1_Txt:tweet.37": 0.2082683742,
        "1_Txt:tweet.28": 0.2072521597,
        "1_Txt:tweet.23": 0.2005975842,
        "1_Txt:tweet.13": 0.1992444545,
        "1_Txt:tweet.29": 0.1977778226,
        "1_Txt:tweet.6": 0.1974840015,
        "1_Txt:tweet.20": 0.1942665577,
        "1_Txt:tweet.27": 0.1916111559,
        "1_Txt:tweet.7": 0.1908341199,
        "1_Txt:tweet.31": 0.1877514571,
        "1_Txt:tweet.8": 0.1864008456,
        "1_Txt:tweet.11": 0.182666108,
        "9_TEXTBIGRU_TE:tweet.2": 0.1811273545,
        "1_Txt:tweet.33": 0.1802008152,
        "1_Txt:tweet.19": 0.1794032454,
        "1_Txt:tweet.25": 0.1769428998,
        "1_Txt:tweet.26": 0.1737431437,
        "1_Txt:tweet.35": 0.1724453717,
        "1_Txt:tweet.46": 0.1649879962,
        "1_Txt:tweet.34": 0.164744243,
        "1_Txt:tweet.15": 0.1635324061,
        "1_Txt:tweet.36": 0.1621954739,
        "1_Txt:tweet.42": 0.1613604426,
        "1_Txt:tweet.21": 0.1593910456,
        "1_Txt:tweet.17": 0.1588231623,
        "1_Txt:tweet.47": 0.1581226438,
        "1_Txt:tweet.44": 0.158113867,
        "1_Txt:tweet.45": 0.1575819999,
        "1_Txt:tweet.38": 0.1552826017,
        "1_Txt:tweet.1": 0.1550362408,
        "1_Txt:tweet.49": 0.1530455947,
        "1_Txt:tweet.10": 0.1389643401,
        "1_Txt:tweet.30": 0.137389347,
        "1_Txt:tweet.43": 0.1367959678,
        "1_Txt:tweet.18": 0.1331465542,
        "1_Txt:tweet.32": 0.133114323,
        "1_Txt:tweet.9": 0.1329517066,
        "1_Txt:tweet.39": 0.1288355142,
        "1_Txt:tweet.48": 0.1129158735
    },
    "Standard Deviation of Relative Importance": {
        "10_TEXTCNN_TE:tweet.1": 0.0,
        "10_TEXTCNN_TE:tweet.0": 0.0,
        "10_TEXTCNN_TE:tweet.2": 0.0,
        "1_Txt:tweet.4": 0.0,
        "9_TEXTBIGRU_TE:tweet.1": 0.0,
        "1_Txt:tweet.5": 0.0,
        "1_Txt:tweet.3": 0.0,
        "1_Txt:tweet.14": 0.0,
        "1_Txt:tweet.22": 0.0,
        "1_Txt:tweet.0": 0.0,
        "1_Txt:tweet.16": 0.0,
        "1_Txt:tweet.12": 0.0,
        "1_Txt:tweet.2": 0.0,
        "1_Txt:tweet.40": 0.0,
        "1_Txt:tweet.41": 0.0,
        "9_TEXTBIGRU_TE:tweet.0": 0.0,
        "1_Txt:tweet.24": 0.0,
        "1_Txt:tweet.37": 0.0,
        "1_Txt:tweet.28": 0.0,
        "1_Txt:tweet.23": 0.0,
        "1_Txt:tweet.13": 0.0,
        "1_Txt:tweet.29": 0.0,
        "1_Txt:tweet.6": 0.0,
        "1_Txt:tweet.20": 0.0,
        "1_Txt:tweet.27": 0.0,
        "1_Txt:tweet.7": 0.0,
        "1_Txt:tweet.31": 0.0,
        "1_Txt:tweet.8": 0.0,
        "1_Txt:tweet.11": 0.0,
        "9_TEXTBIGRU_TE:tweet.2": 0.0,
        "1_Txt:tweet.33": 0.0,
        "1_Txt:tweet.19": 0.0,
        "1_Txt:tweet.25": 0.0,
        "1_Txt:tweet.26": 0.0,
        "1_Txt:tweet.35": 0.0,
        "1_Txt:tweet.46": 0.0,
        "1_Txt:tweet.34": 0.0,
        "1_Txt:tweet.15": 0.0,
        "1_Txt:tweet.36": 0.0,
        "1_Txt:tweet.42": 0.0,
        "1_Txt:tweet.21": 0.0,
        "1_Txt:tweet.17": 0.0,
        "1_Txt:tweet.47": 0.0,
        "1_Txt:tweet.44": 0.0,
        "1_Txt:tweet.45": 0.0,
        "1_Txt:tweet.38": 0.0,
        "1_Txt:tweet.1": 0.0,
        "1_Txt:tweet.49": 0.0,
        "1_Txt:tweet.10": 0.0,
        "1_Txt:tweet.30": 0.0,
        "1_Txt:tweet.43": 0.0,
        "1_Txt:tweet.18": 0.0,
        "1_Txt:tweet.32": 0.0,
        "1_Txt:tweet.9": 0.0,
        "1_Txt:tweet.39": 0.0,
        "1_Txt:tweet.48": 0.0
    },
    "Description": {
        "10_TEXTCNN_TE:tweet.1": "Predicted probabilities of class #2 based on TEXTCNN model on text column ['tweet'] (embeddings trained from scratch), trained for 2 epochs",
        "10_TEXTCNN_TE:tweet.0": "Predicted probabilities of class #1 based on TEXTCNN model on text column ['tweet'] (embeddings trained from scratch), trained for 2 epochs",
        "10_TEXTCNN_TE:tweet.2": "Predicted probabilities of class #3 based on TEXTCNN model on text column ['tweet'] (embeddings trained from scratch), trained for 2 epochs",
        "1_Txt:tweet.4": "Feature #5 of tf-idf-based word embedding  (followed by dimensionality reduction to 50 dimensions) of 'tweet'",
        "9_TEXTBIGRU_TE:tweet.1": "Predicted probabilities of class #2 based on TEXTBIGRU model on text column ['tweet'] (embeddings trained from scratch), trained for 2 epochs",
        "1_Txt:tweet.5": "Feature #6 of tf-idf-based word embedding  (followed by dimensionality reduction to 50 dimensions) of 'tweet'",
        "1_Txt:tweet.3": "Feature #4 of tf-idf-based word embedding  (followed by dimensionality reduction to 50 dimensions) of 'tweet'",
        "1_Txt:tweet.14": "Feature #15 of tf-idf-based word embedding  (followed by dimensionality reduction to 50 dimensions) of 'tweet'",
        "1_Txt:tweet.22": "Feature #23 of tf-idf-based word embedding  (followed by dimensionality reduction to 50 dimensions) of 'tweet'",
        "1_Txt:tweet.0": "Feature #1 of tf-idf-based word embedding  (followed by dimensionality reduction to 50 dimensions) of 'tweet'",
        "1_Txt:tweet.16": "Feature #17 of tf-idf-based word embedding  (followed by dimensionality reduction to 50 dimensions) of 'tweet'",
        "1_Txt:tweet.12": "Feature #13 of tf-idf-based word embedding  (followed by dimensionality reduction to 50 dimensions) of 'tweet'",
        "1_Txt:tweet.2": "Feature #3 of tf-idf-based word embedding  (followed by dimensionality reduction to 50 dimensions) of 'tweet'",
        "1_Txt:tweet.40": "Feature #41 of tf-idf-based word embedding  (followed by dimensionality reduction to 50 dimensions) of 'tweet'",
        "1_Txt:tweet.41": "Feature #42 of tf-idf-based word embedding  (followed by dimensionality reduction to 50 dimensions) of 'tweet'",
        "9_TEXTBIGRU_TE:tweet.0": "Predicted probabilities of class #1 based on TEXTBIGRU model on text column ['tweet'] (embeddings trained from scratch), trained for 2 epochs",
        "1_Txt:tweet.24": "Feature #25 of tf-idf-based word embedding  (followed by dimensionality reduction to 50 dimensions) of 'tweet'",
        "1_Txt:tweet.37": "Feature #38 of tf-idf-based word embedding  (followed by dimensionality reduction to 50 dimensions) of 'tweet'",
        "1_Txt:tweet.28": "Feature #29 of tf-idf-based word embedding  (followed by dimensionality reduction to 50 dimensions) of 'tweet'",
        "1_Txt:tweet.23": "Feature #24 of tf-idf-based word embedding  (followed by dimensionality reduction to 50 dimensions) of 'tweet'",
        "1_Txt:tweet.13": "Feature #14 of tf-idf-based word embedding  (followed by dimensionality reduction to 50 dimensions) of 'tweet'",
        "1_Txt:tweet.29": "Feature #30 of tf-idf-based word embedding  (followed by dimensionality reduction to 50 dimensions) of 'tweet'",
        "1_Txt:tweet.6": "Feature #7 of tf-idf-based word embedding  (followed by dimensionality reduction to 50 dimensions) of 'tweet'",
        "1_Txt:tweet.20": "Feature #21 of tf-idf-based word embedding  (followed by dimensionality reduction to 50 dimensions) of 'tweet'",
        "1_Txt:tweet.27": "Feature #28 of tf-idf-based word embedding  (followed by dimensionality reduction to 50 dimensions) of 'tweet'",
        "1_Txt:tweet.7": "Feature #8 of tf-idf-based word embedding  (followed by dimensionality reduction to 50 dimensions) of 'tweet'",