{
    "Coefficient": {
        "10_TEXTCNN_TE:tweet.0": 1.7220973969,
        "10_TEXTCNN_TE:tweet.1": 3.0,
        "10_TEXTCNN_TE:tweet.2": 1.4309681654,
        "1_Txt:tweet.0": 0.7034481764,
        "1_Txt:tweet.1": 0.6224048138,
        "1_Txt:tweet.10": 0.5185768604,
        "1_Txt:tweet.11": 0.467717886,
        "1_Txt:tweet.12": 0.7242161632,
        "1_Txt:tweet.13": 0.5730099678,
        "1_Txt:tweet.14": 1.0555971861,
        "1_Txt:tweet.15": 0.4800053537,
        "1_Txt:tweet.16": 0.7607643604,
        "1_Txt:tweet.17": 0.5971468687,
        "1_Txt:tweet.18": 0.3698461652,
        "1_Txt:tweet.19": 0.7387600541,
        "1_Txt:tweet.2": 0.6879808903,
        "1_Txt:tweet.20": 0.4574510753,
        "1_Txt:tweet.21": 0.5032289028,
        "1_Txt:tweet.22": 0.6359823346,
        "1_Txt:tweet.23": 0.593952477,
        "1_Txt:tweet.24": 0.8331851959,
        "1_Txt:tweet.25": 0.4430530369,
        "1_Txt:tweet.26": 0.3124202192,
        "1_Txt:tweet.27": 0.6966845393,
        "1_Txt:tweet.28": 0.7801431417,
        "1_Txt:tweet.29": 0.6873356104,
        "1_Txt:tweet.3": 1.3236073256,
        "1_Txt:tweet.30": 0.4879211783,
        "1_Txt:tweet.31": 0.7217744589,
        "1_Txt:tweet.32": 0.4738718271,
        "1_Txt:tweet.33": 0.6992669106,
        "1_Txt:tweet.34": 0.467263341,
        "1_Txt:tweet.35": 0.3265696764,
        "1_Txt:tweet.36": 0.5014902949,
        "1_Txt:tweet.37": 0.6285436153,
        "1_Txt:tweet.38": 0.5978475213,
        "1_Txt:tweet.39": 0.3964827657,
        "1_Txt:tweet.4": 1.6909456253,
        "1_Txt:tweet.40": 1.0763982534,
        "1_Txt:tweet.41": 0.5724295378,
        "1_Txt:tweet.42": 0.6472467184,
        "1_Txt:tweet.43": 0.3986381292,
        "1_Txt:tweet.44": 0.4618549943,
        "1_Txt:tweet.45": 0.6884243488,
        "1_Txt:tweet.46": 0.3760123849,
        "1_Txt:tweet.47": 0.588442266,
        "1_Txt:tweet.48": 0.331227988,
        "1_Txt:tweet.49": 0.4394348264,
        "1_Txt:tweet.5": 1.2291835546,
        "1_Txt:tweet.6": 0.8705279827,
        "1_Txt:tweet.7": 0.667843461,
        "1_Txt:tweet.8": 0.714433074,
        "1_Txt:tweet.9": 0.2771499753,
        "9_TEXTBIGRU_TE:tweet.0": 0.9059429169,
        "9_TEXTBIGRU_TE:tweet.1": 1.9776339531,
        "9_TEXTBIGRU_TE:tweet.2": 0.9393076897
    },
    "Standard Deviation of Coefficient": {
        "10_TEXTCNN_TE:tweet.0": 0.1327134818,
        "10_TEXTCNN_TE:tweet.1": 0.0,
        "10_TEXTCNN_TE:tweet.2": 0.0821932033,
        "1_Txt:tweet.0": 0.137480855,
        "1_Txt:tweet.1": 0.1177754849,
        "1_Txt:tweet.10": 0.1354768127,
        "1_Txt:tweet.11": 0.075263612,
        "1_Txt:tweet.12": 0.0466068089,
        "1_Txt:tweet.13": 0.1074841321,
        "1_Txt:tweet.14": 0.1698378474,
        "1_Txt:tweet.15": 0.1362678856,
        "1_Txt:tweet.16": 0.1083356515,
        "1_Txt:tweet.17": 0.1062607318,
        "1_Txt:tweet.18": 0.0333986469,
        "1_Txt:tweet.19": 0.2051158547,
        "1_Txt:tweet.2": 0.0802859142,
        "1_Txt:tweet.20": 0.0670288131,
        "1_Txt:tweet.21": 0.0238876417,
        "1_Txt:tweet.22": 0.1006818265,
        "1_Txt:tweet.23": 0.0475142896,
        "1_Txt:tweet.24": 0.0244732462,
        "1_Txt:tweet.25": 0.0814367533,
        "1_Txt:tweet.26": 0.0370961279,
        "1_Txt:tweet.27": 0.1113009676,
        "1_Txt:tweet.28": 0.1539415717,
        "1_Txt:tweet.29": 0.1701434553,
        "1_Txt:tweet.3": 0.1556366682,
        "1_Txt:tweet.30": 0.030081274,
        "1_Txt:tweet.31": 0.1036507487,
        "1_Txt:tweet.32": 0.064569056,
        "1_Txt:tweet.33": 0.0981674269,
        "1_Txt:tweet.34": 0.0408868045,
        "1_Txt:tweet.35": 0.0525772646,
        "1_Txt:tweet.36": 0.0927529559,
        "1_Txt:tweet.37": 0.0974728689,
        "1_Txt:tweet.38": 0.0430870093,
        "1_Txt:tweet.39": 0.0094797993,
        "1_Txt:tweet.4": 0.1064649895,
        "1_Txt:tweet.40": 0.4066824019,
        "1_Txt:tweet.41": 0.0780785158,
        "1_Txt:tweet.42": 0.085079059,
        "1_Txt:tweet.43": 0.084482424,
        "1_Txt:tweet.44": 0.0360771976,
        "1_Txt:tweet.45": 0.1068145335,
        "1_Txt:tweet.46": 0.0552807823,
        "1_Txt:tweet.47": 0.099901706,
        "1_Txt:tweet.48": 0.022833867,
        "1_Txt:tweet.49": 0.096959576,
        "1_Txt:tweet.5": 0.0351117849,
        "1_Txt:tweet.6": 0.1831763983,
        "1_Txt:tweet.7": 0.1600417197,
        "1_Txt:tweet.8": 0.081564039,
        "1_Txt:tweet.9": 0.0092654079,
        "9_TEXTBIGRU_TE:tweet.0": 0.1491583586,
        "9_TEXTBIGRU_TE:tweet.1": 0.2678732872,
        "9_TEXTBIGRU_TE:tweet.2": 0.082939133
    },
    "Description": {
        "10_TEXTCNN_TE:tweet.0": "Predicted probabilities of class #1 based on TEXTCNN model on text column ['tweet'] (embeddings trained from scratch), trained for 2 epochs",
        "10_TEXTCNN_TE:tweet.1": "Predicted probabilities of class #2 based on TEXTCNN model on text column ['tweet'] (embeddings trained from scratch), trained for 2 epochs",
        "10_TEXTCNN_TE:tweet.2": "Predicted probabilities of class #3 based on TEXTCNN model on text column ['tweet'] (embeddings trained from scratch), trained for 2 epochs",
        "1_Txt:tweet.0": "Feature #1 of tf-idf-based word embedding  (followed by dimensionality reduction to 50 dimensions) of 'tweet' [internal:(True, 1, 50)]",
        "1_Txt:tweet.1": "Feature #2 of tf-idf-based word embedding  (followed by dimensionality reduction to 50 dimensions) of 'tweet' [internal:(True, 1, 50)]",
        "1_Txt:tweet.10": "Feature #11 of tf-idf-based word embedding  (followed by dimensionality reduction to 50 dimensions) of 'tweet' [internal:(True, 1, 50)]",
        "1_Txt:tweet.11": "Feature #12 of tf-idf-based word embedding  (followed by dimensionality reduction to 50 dimensions) of 'tweet' [internal:(True, 1, 50)]",
        "1_Txt:tweet.12": "Feature #13 of tf-idf-based word embedding  (followed by dimensionality reduction to 50 dimensions) of 'tweet' [internal:(True, 1, 50)]",
        "1_Txt:tweet.13": "Feature #14 of tf-idf-based word embedding  (followed by dimensionality reduction to 50 dimensions) of 'tweet' [internal:(True, 1, 50)]",
        "1_Txt:tweet.14": "Feature #15 of tf-idf-based word embedding  (followed by dimensionality reduction to 50 dimensions) of 'tweet' [internal:(True, 1, 50)]",
        "1_Txt:tweet.15": "Feature #16 of tf-idf-based word embedding  (followed by dimensionality reduction to 50 dimensions) of 'tweet' [internal:(True, 1, 50)]",
        "1_Txt:tweet.16": "Feature #17 of tf-idf-based word embedding  (followed by dimensionality reduction to 50 dimensions) of 'tweet' [internal:(True, 1, 50)]",
        "1_Txt:tweet.17": "Feature #18 of tf-idf-based word embedding  (followed by dimensionality reduction to 50 dimensions) of 'tweet' [internal:(True, 1, 50)]",
        "1_Txt:tweet.18": "Feature #19 of tf-idf-based word embedding  (followed by dimensionality reduction to 50 dimensions) of 'tweet' [internal:(True, 1, 50)]",
        "1_Txt:tweet.19": "Feature #20 of tf-idf-based word embedding  (followed by dimensionality reduction to 50 dimensions) of 'tweet' [internal:(True, 1, 50)]",
        "1_Txt:tweet.2": "Feature #3 of tf-idf-based word embedding  (followed by dimensionality reduction to 50 dimensions) of 'tweet' [internal:(True, 1, 50)]",
        "1_Txt:tweet.20": "Feature #21 of tf-idf-based word embedding  (followed by dimensionality reduction to 50 dimensions) of 'tweet' [internal:(True, 1, 50)]",
        "1_Txt:tweet.21": "Feature #22 of tf-idf-based word embedding  (followed by dimensionality reduction to 50 dimensions) of 'tweet' [internal:(True, 1, 50)]",
        "1_Txt:tweet.22": "Feature #23 of tf-idf-based word embedding  (followed by dimensionality reduction to 50 dimensions) of 'tweet' [internal:(True, 1, 50)]",
        "1_Txt:tweet.23": "Feature #24 of tf-idf-based word embedding  (followed by dimensionality reduction to 50 dimensions) of 'tweet' [internal:(True, 1, 50)]",