{
    "gain": {
        "0.01": 0.0227848101,
        "0.02": 0.0430379747,
        "0.03": 0.0696202532,
        "0.04": 0.0898734177,
        "0.05": 0.1088607595,
        "0.1": 0.2367088608,
        "0.15": 0.3417721519,
        "0.2": 0.446835443,
        "0.3": 0.6139240506,
        "0.4": 0.753164557,
        "0.5": 0.8443037975,
        "0.6": 0.8924050633,
        "0.7": 0.9367088608,
        "0.8": 0.9607594937,
        "0.9": 0.9886075949,
        "1.0": 1.0
    },
    "lift": {
        "0.01": 2.2784810127,
        "0.02": 2.1518987342,
        "0.03": 2.3206751055,
        "0.04": 2.246835443,
        "0.05": 2.1772151899,
        "0.1": 2.3670886076,
        "0.15": 2.2784810127,
        "0.2": 2.2341772152,
        "0.3": 2.0464135021,
        "0.4": 1.8829113924,
        "0.5": 1.6886075949,
        "0.6": 1.4873417722,
        "0.7": 1.3381555154,
        "0.8": 1.2009493671,
        "0.9": 1.0984528833,
        "1.0": 1.0
    },
    "k-s": {
        "0.01": 0.0196202532,
        "0.02": 0.0348101266,
        "0.03": 0.0594936709,
        "0.04": 0.0753164557,
        "0.05": 0.0886075949,
        "0.1": 0.2050632911,
        "0.15": 0.2879746835,
        "0.2": 0.3702531646,
        "0.3": 0.4708860759,
        "0.4": 0.5297468354,
        "0.5": 0.5164556962,
        "0.6": 0.4386075949,
        "0.7": 0.3550632911,
        "0.8": 0.2411392405,
        "0.9": 0.1329113924,
        "1.0": 0.0
    }
}