{
    "Coefficient": {
        "10_TEXTCNN_TE:tweet.0": 1.7220973969,
        "10_TEXTCNN_TE:tweet.1": 3.0,
        "10_TEXTCNN_TE:tweet.2": 1.4309681654,
        "1_Txt:tweet.0": 0.7034481764,
        "1_Txt:tweet.1": 0.6224048138,
        "1_Txt:tweet.10": 0.5185768604,
        "1_Txt:tweet.11": 0.467717886,
        "1_Txt:tweet.12": 0.7242161632,
        "1_Txt:tweet.13": 0.5730099678,
        "1_Txt:tweet.14": 1.0555971861,
        "1_Txt:tweet.15": 0.4800053537,
        "1_Txt:tweet.16": 0.7607643604,
        "1_Txt:tweet.17": 0.5971468687,
        "1_Txt:tweet.18": 0.3698461652,
        "1_Txt:tweet.19": 0.7387600541,
        "1_Txt:tweet.2": 0.6879808903,
        "1_Txt:tweet.20": 0.4574510753,
        "1_Txt:tweet.21": 0.5032289028,
        "1_Txt:tweet.22": 0.6359823346,
        "1_Txt:tweet.23": 0.593952477,
        "1_Txt:tweet.24": 0.8331851959,
        "1_Txt:tweet.25": 0.4430530369,
        "1_Txt:tweet.26": 0.3124202192,
        "1_Txt:tweet.27": 0.6966845393,
        "1_Txt:tweet.28": 0.7801431417,
        "1_Txt:tweet.29": 0.6873356104,
        "1_Txt:tweet.3": 1.3236073256,
        "1_Txt:tweet.30": 0.4879211783,
        "1_Txt:tweet.31": 0.7217744589,
        "1_Txt:tweet.32": 0.4738718271,
        "1_Txt:tweet.33": 0.6992669106,
        "1_Txt:tweet.34": 0.467263341,
        "1_Txt:tweet.35": 0.3265696764,
        "1_Txt:tweet.36": 0.5014902949,
        "1_Txt:tweet.37": 0.6285436153,
        "1_Txt:tweet.38": 0.5978475213,
        "1_Txt:tweet.39": 0.3964827657,
        "1_Txt:tweet.4": 1.6909456253,
        "1_Txt:tweet.40": 1.0763982534,
        "1_Txt:tweet.41": 0.5724295378,
        "1_Txt:tweet.42": 0.6472467184,
        "1_Txt:tweet.43": 0.3986381292,
        "1_Txt:tweet.44": 0.4618549943,
        "1_Txt:tweet.45": 0.6884243488,
        "1_Txt:tweet.46": 0.3760123849,
        "1_Txt:tweet.47": 0.588442266,
        "1_Txt:tweet.48": 0.331227988,
        "1_Txt:tweet.49": 0.4394348264,
        "1_Txt:tweet.5": 1.2291835546,
        "1_Txt:tweet.6": 0.8705279827,
        "1_Txt:tweet.7": 0.667843461,
        "1_Txt:tweet.8": 0.714433074,
        "1_Txt:tweet.9": 0.2771499753,
        "9_TEXTBIGRU_TE:tweet.0": 0.9059429169,
        "9_TEXTBIGRU_TE:tweet.1": 1.9776339531,
        "9_TEXTBIGRU_TE:tweet.2": 0.9393076897
    },
    "Shift of Coefficient": {
        "10_TEXTCNN_TE:tweet.0": -1.7967453003,
        "10_TEXTCNN_TE:tweet.1": -2.7895116806,
        "10_TEXTCNN_TE:tweet.2": -1.9911667109,
        "1_Txt:tweet.0": -0.8000160456,
        "1_Txt:tweet.1": -0.2751793265,
        "1_Txt:tweet.10": -0.2859588265,
        "1_Txt:tweet.11": -0.5898296833,
        "1_Txt:tweet.12": -0.7275310159,
        "1_Txt:tweet.13": -0.5805181265,
        "1_Txt:tweet.14": -0.6594648361,
        "1_Txt:tweet.15": -0.4667674005,
        "1_Txt:tweet.16": -0.7291138172,
        "1_Txt:tweet.17": -0.3223616481,
        "1_Txt:tweet.18": -0.4010073543,
        "1_Txt:tweet.19": -0.2998971343,
        "1_Txt:tweet.2": -0.7512379885,
        "1_Txt:tweet.20": -0.6672574282,
        "1_Txt:tweet.21": -0.4195674062,
        "1_Txt:tweet.22": -0.8904187083,
        "1_Txt:tweet.23": -0.567409575,
        "1_Txt:tweet.24": -0.3975543976,
        "1_Txt:tweet.25": -0.5813599825,
        "1_Txt:tweet.26": -0.6934677362,
        "1_Txt:tweet.27": -0.4126505256,
        "1_Txt:tweet.28": -0.4197456837,
        "1_Txt:tweet.29": -0.4577014446,
        "1_Txt:tweet.3": -0.7804840803,
        "1_Txt:tweet.30": -0.3074960709,
        "1_Txt:tweet.31": -0.3652148247,
        "1_Txt:tweet.32": -0.2967950702,
        "1_Txt:tweet.33": -0.3440078497,
        "1_Txt:tweet.34": -0.4865253568,
        "1_Txt:tweet.35": -0.6718048453,
        "1_Txt:tweet.36": -0.4375423193,
        "1_Txt:tweet.37": -0.5772285461,
        "1_Txt:tweet.38": -0.3011628985,
        "1_Txt:tweet.39": -0.3494119644,
        "1_Txt:tweet.4": -1.1913223267,
        "1_Txt:tweet.40": -0.3078123331,
        "1_Txt:tweet.41": -0.6974724531,
        "1_Txt:tweet.42": -0.2869514227,
        "1_Txt:tweet.43": -0.3933437467,
        "1_Txt:tweet.44": -0.4535471201,
        "1_Txt:tweet.45": -0.2238984704,
        "1_Txt:tweet.46": -0.579187572,
        "1_Txt:tweet.47": -0.3270106316,
        "1_Txt:tweet.48": -0.3224997818,
        "1_Txt:tweet.49": -0.4466243982,
        "1_Txt:tweet.5": -0.9927831888,
        "1_Txt:tweet.6": -0.2728079557,
        "1_Txt:tweet.7": -0.4369928837,
        "1_Txt:tweet.8": -0.3647367954,
        "1_Txt:tweet.9": -0.4925754666,
        "9_TEXTBIGRU_TE:tweet.0": -0.3289074898,
        "9_TEXTBIGRU_TE:tweet.1": -0.6307239532,
        "9_TEXTBIGRU_TE:tweet.2": -0.1093312502
    },
    "Description": {
        "10_TEXTCNN_TE:tweet.0": "Predicted probabilities of class #1 based on TEXTCNN model on text column ['tweet'] (embeddings trained from scratch), trained for 2 epochs",
        "10_TEXTCNN_TE:tweet.1": "Predicted probabilities of class #2 based on TEXTCNN model on text column ['tweet'] (embeddings trained from scratch), trained for 2 epochs",
        "10_TEXTCNN_TE:tweet.2": "Predicted probabilities of class #3 based on TEXTCNN model on text column ['tweet'] (embeddings trained from scratch), trained for 2 epochs",
        "1_Txt:tweet.0": "Feature #1 of tf-idf-based word embedding  (followed by dimensionality reduction to 50 dimensions) of 'tweet' [internal:(True, 1, 50)]",
        "1_Txt:tweet.1": "Feature #2 of tf-idf-based word embedding  (followed by dimensionality reduction to 50 dimensions) of 'tweet' [internal:(True, 1, 50)]",
        "1_Txt:tweet.10": "Feature #11 of tf-idf-based word embedding  (followed by dimensionality reduction to 50 dimensions) of 'tweet' [internal:(True, 1, 50)]",
        "1_Txt:tweet.11": "Feature #12 of tf-idf-based word embedding  (followed by dimensionality reduction to 50 dimensions) of 'tweet' [internal:(True, 1, 50)]",
        "1_Txt:tweet.12": "Feature #13 of tf-idf-based word embedding  (followed by dimensionality reduction to 50 dimensions) of 'tweet' [internal:(True, 1, 50)]",
        "1_Txt:tweet.13": "Feature #14 of tf-idf-based word embedding  (followed by dimensionality reduction to 50 dimensions) of 'tweet' [internal:(True, 1, 50)]",
        "1_Txt:tweet.14": "Feature #15 of tf-idf-based word embedding  (followed by dimensionality reduction to 50 dimensions) of 'tweet' [internal:(True, 1, 50)]",
        "1_Txt:tweet.15": "Feature #16 of tf-idf-based word embedding  (followed by dimensionality reduction to 50 dimensions) of 'tweet' [internal:(True, 1, 50)]",
        "1_Txt:tweet.16": "Feature #17 of tf-idf-based word embedding  (followed by dimensionality reduction to 50 dimensions) of 'tweet' [internal:(True, 1, 50)]",
        "1_Txt:tweet.17": "Feature #18 of tf-idf-based word embedding  (followed by dimensionality reduction to 50 dimensions) of 'tweet' [internal:(True, 1, 50)]",
        "1_Txt:tweet.18": "Feature #19 of tf-idf-based word embedding  (followed by dimensionality reduction to 50 dimensions) of 'tweet' [internal:(True, 1, 50)]",
        "1_Txt:tweet.19": "Feature #20 of tf-idf-based word embedding  (followed by dimensionality reduction to 50 dimensions) of 'tweet' [internal:(True, 1, 50)]",
        "1_Txt:tweet.2": "Feature #3 of tf-idf-based word embedding  (followed by dimensionality reduction to 50 dimensions) of 'tweet' [internal:(True, 1, 50)]",
        "1_Txt:tweet.20": "Feature #21 of tf-idf-based word embedding  (followed by dimensionality reduction to 50 dimensions) of 'tweet' [internal:(True, 1, 50)]",
        "1_Txt:tweet.21": "Feature #22 of tf-idf-based word embedding  (followed by dimensionality reduction to 50 dimensions) of 'tweet' [internal:(True, 1, 50)]",
        "1_Txt:tweet.22": "Feature #23 of tf-idf-based word embedding  (followed by dimensionality reduction to 50 dimensions) of 'tweet' [internal:(True, 1, 50)]",
        "1_Txt:tweet.23": "Feature #24 of tf-idf-based word embedding  (followed by dimensionality reduction to 50 dimensions) of 'tweet' [internal:(True, 1, 50)]",