{
    "Relative Importance": {
        "10_TEXTCNN_TE:tweet.1": 1.0,
        "9_TEXTBIGRU_TE:tweet.1": 0.6592113376,
        "10_TEXTCNN_TE:tweet.0": 0.5740324855,
        "1_Txt:tweet.4": 0.5636485219,
        "10_TEXTCNN_TE:tweet.2": 0.4769893885,
        "1_Txt:tweet.3": 0.4412024319,
        "1_Txt:tweet.5": 0.4097278416,
        "1_Txt:tweet.40": 0.3587994277,
        "1_Txt:tweet.14": 0.3518657386,
        "9_TEXTBIGRU_TE:tweet.2": 0.3131025732,
        "9_TEXTBIGRU_TE:tweet.0": 0.3019809723,
        "1_Txt:tweet.6": 0.2901760042,
        "1_Txt:tweet.24": 0.2777284086,
        "1_Txt:tweet.28": 0.260047704,
        "1_Txt:tweet.16": 0.2535881102,
        "1_Txt:tweet.19": 0.2462533563,
        "1_Txt:tweet.12": 0.2414053828,
        "1_Txt:tweet.31": 0.2405914813,
        "1_Txt:tweet.8": 0.238144353,
        "1_Txt:tweet.0": 0.2344827205,
        "1_Txt:tweet.33": 0.2330889702,
        "1_Txt:tweet.27": 0.2322281748,
        "1_Txt:tweet.45": 0.2294747829,
        "1_Txt:tweet.2": 0.2293269634,
        "1_Txt:tweet.29": 0.2291118652,
        "1_Txt:tweet.7": 0.222614482,
        "1_Txt:tweet.42": 0.2157489061,
        "1_Txt:tweet.22": 0.2119941115,
        "1_Txt:tweet.37": 0.2095145434,
        "1_Txt:tweet.1": 0.2074682713,
        "1_Txt:tweet.38": 0.1992825121,
        "1_Txt:tweet.17": 0.1990489513,
        "1_Txt:tweet.23": 0.197984159,
        "1_Txt:tweet.47": 0.196147427,
        "1_Txt:tweet.13": 0.1910033226,
        "1_Txt:tweet.41": 0.1908098459,
        "1_Txt:tweet.10": 0.1728589535,
        "1_Txt:tweet.21": 0.1677429676,
        "1_Txt:tweet.36": 0.1671634316,
        "1_Txt:tweet.30": 0.1626403928,
        "1_Txt:tweet.15": 0.1600017846,
        "1_Txt:tweet.32": 0.1579572707,
        "1_Txt:tweet.11": 0.155905962,
        "1_Txt:tweet.34": 0.155754447,
        "1_Txt:tweet.44": 0.1539516598,
        "1_Txt:tweet.20": 0.1524836868,
        "1_Txt:tweet.25": 0.1476843506,
        "1_Txt:tweet.49": 0.1464782804,
        "1_Txt:tweet.43": 0.1328793764,
        "1_Txt:tweet.39": 0.1321609169,
        "1_Txt:tweet.46": 0.1253374666,
        "1_Txt:tweet.18": 0.1232820526,
        "1_Txt:tweet.48": 0.1104093269,
        "1_Txt:tweet.35": 0.1088565588,
        "1_Txt:tweet.26": 0.1041400731,
        "1_Txt:tweet.9": 0.0923833251
    },
    "Shift of Relative Importance": {
        "10_TEXTCNN_TE:tweet.1": 0.0,
        "9_TEXTBIGRU_TE:tweet.1": 0.2086797357,
        "10_TEXTCNN_TE:tweet.0": -0.0337636471,
        "1_Txt:tweet.4": 0.0658054948,
        "10_TEXTCNN_TE:tweet.2": -0.1141027808,
        "1_Txt:tweet.3": 0.077770859,
        "1_Txt:tweet.5": 0.0259360969,
        "1_Txt:tweet.40": 0.1197100729,
        "1_Txt:tweet.14": 0.0556297004,
        "9_TEXTBIGRU_TE:tweet.2": 0.1319752187,
        "9_TEXTBIGRU_TE:tweet.0": 0.0886900276,
        "1_Txt:tweet.6": 0.0926920027,
        "1_Txt:tweet.24": 0.0651475042,
        "1_Txt:tweet.28": 0.0527955443,
        "1_Txt:tweet.16": -0.0037527978,
        "1_Txt:tweet.19": 0.0668501109,
        "1_Txt:tweet.12": -0.0093493015,
        "1_Txt:tweet.31": 0.0528400242,
        "1_Txt:tweet.8": 0.0517435074,
        "1_Txt:tweet.0": -0.0252048522,
        "1_Txt:tweet.33": 0.052888155,
        "1_Txt:tweet.27": 0.0406170189,
        "1_Txt:tweet.45": 0.071892783,
        "1_Txt:tweet.2": -0.0192637593,
        "1_Txt:tweet.29": 0.0313340425,
        "1_Txt:tweet.7": 0.0317803621,
        "1_Txt:tweet.42": 0.0543884635,
        "1_Txt:tweet.22": -0.0516552329,
        "1_Txt:tweet.37": 0.0012461692,
        "1_Txt:tweet.1": 0.0524320304,
        "1_Txt:tweet.38": 0.0439999104,
        "1_Txt:tweet.17": 0.040225789,
        "1_Txt:tweet.23": -0.0026134253,
        "1_Txt:tweet.47": 0.0380247831,
        "1_Txt:tweet.13": -0.0082411319,
        "1_Txt:tweet.41": -0.0285354257,
        "1_Txt:tweet.10": 0.0338946134,
        "1_Txt:tweet.21": 0.008351922,
        "1_Txt:tweet.36": 0.0049679577,
        "1_Txt:tweet.30": 0.0252510458,
        "1_Txt:tweet.15": -0.0035306215,
        "1_Txt:tweet.32": 0.0248429477,
        "1_Txt:tweet.11": -0.026760146,
        "1_Txt:tweet.34": -0.008989796,
        "1_Txt:tweet.44": -0.0041622072,
        "1_Txt:tweet.20": -0.0417828709,
        "1_Txt:tweet.25": -0.0292585492,
        "1_Txt:tweet.49": -0.0065673143,
        "1_Txt:tweet.43": -0.0039165914,
        "1_Txt:tweet.39": 0.0033254027,
        "1_Txt:tweet.46": -0.0396505296,
        "1_Txt:tweet.18": -0.0098645017,
        "1_Txt:tweet.48": -0.0025065467,
        "1_Txt:tweet.35": -0.0635888129,
        "1_Txt:tweet.26": -0.0696030706,
        "1_Txt:tweet.9": -0.0405683815
    },
    "Description": {
        "10_TEXTCNN_TE:tweet.1": "Predicted probabilities of class #2 based on TEXTCNN model on text column ['tweet'] (embeddings trained from scratch), trained for 2 epochs",
        "9_TEXTBIGRU_TE:tweet.1": "Predicted probabilities of class #2 based on TEXTBIGRU model on text column ['tweet'] (embeddings trained from scratch), trained for 2 epochs",
        "10_TEXTCNN_TE:tweet.0": "Predicted probabilities of class #1 based on TEXTCNN model on text column ['tweet'] (embeddings trained from scratch), trained for 2 epochs",
        "1_Txt:tweet.4": "Feature #5 of tf-idf-based word embedding  (followed by dimensionality reduction to 50 dimensions) of 'tweet' [internal:(True, 1, 50)]",
        "10_TEXTCNN_TE:tweet.2": "Predicted probabilities of class #3 based on TEXTCNN model on text column ['tweet'] (embeddings trained from scratch), trained for 2 epochs",
        "1_Txt:tweet.3": "Feature #4 of tf-idf-based word embedding  (followed by dimensionality reduction to 50 dimensions) of 'tweet' [internal:(True, 1, 50)]",
        "1_Txt:tweet.5": "Feature #6 of tf-idf-based word embedding  (followed by dimensionality reduction to 50 dimensions) of 'tweet' [internal:(True, 1, 50)]",
        "1_Txt:tweet.40": "Feature #41 of tf-idf-based word embedding  (followed by dimensionality reduction to 50 dimensions) of 'tweet' [internal:(True, 1, 50)]",
        "1_Txt:tweet.14": "Feature #15 of tf-idf-based word embedding  (followed by dimensionality reduction to 50 dimensions) of 'tweet' [internal:(True, 1, 50)]",
        "9_TEXTBIGRU_TE:tweet.2": "Predicted probabilities of class #3 based on TEXTBIGRU model on text column ['tweet'] (embeddings trained from scratch), trained for 2 epochs",
        "9_TEXTBIGRU_TE:tweet.0": "Predicted probabilities of class #1 based on TEXTBIGRU model on text column ['tweet'] (embeddings trained from scratch), trained for 2 epochs",
        "1_Txt:tweet.6": "Feature #7 of tf-idf-based word embedding  (followed by dimensionality reduction to 50 dimensions) of 'tweet' [internal:(True, 1, 50)]",
        "1_Txt:tweet.24": "Feature #25 of tf-idf-based word embedding  (followed by dimensionality reduction to 50 dimensions) of 'tweet' [internal:(True, 1, 50)]",
        "1_Txt:tweet.28": "Feature #29 of tf-idf-based word embedding  (followed by dimensionality reduction to 50 dimensions) of 'tweet' [internal:(True, 1, 50)]",
        "1_Txt:tweet.16": "Feature #17 of tf-idf-based word embedding  (followed by dimensionality reduction to 50 dimensions) of 'tweet' [internal:(True, 1, 50)]",
        "1_Txt:tweet.19": "Feature #20 of tf-idf-based word embedding  (followed by dimensionality reduction to 50 dimensions) of 'tweet' [internal:(True, 1, 50)]",
        "1_Txt:tweet.12": "Feature #13 of tf-idf-based word embedding  (followed by dimensionality reduction to 50 dimensions) of 'tweet' [internal:(True, 1, 50)]",
        "1_Txt:tweet.31": "Feature #32 of tf-idf-based word embedding  (followed by dimensionality reduction to 50 dimensions) of 'tweet' [internal:(True, 1, 50)]",
        "1_Txt:tweet.8": "Feature #9 of tf-idf-based word embedding  (followed by dimensionality reduction to 50 dimensions) of 'tweet' [internal:(True, 1, 50)]",